N,P,K,temperature,humidity,ph,rainfall,label
94.07,19.21,54.95,26.81,91.96,6.46,24.39,muskmelon
99.73,17.06,46.46,25.69,89.39,6.63,50.96,watermelon
32.89,56.91,49.71,30.61,92.79,6.8,156.01,papaya
54.81,65.54,53.26,32.61,90.32,6.26,137.34,papaya
12.46,142.12,195.51,21.12,92.07,6.03,113.85,apple
24.56,26.38,29.13,32.31,53.06,6.04,100.94,mango
24.08,145.0,205.0,21.14,88.41,6.61,128.58,apple
12.82,40.11,20.84,23.93,58.26,6.71,77.14,mothbeans
22.7,44.07,21.87,26.89,90.66,6.43,49.72,mungbean
18.04,63.98,18.56,25.95,70.45,6.65,46.19,lentil
44.4,54.25,20.13,27.52,63.51,7.26,68.35,blackgram
23.65,19.6,28.36,26.71,96.38,6.08,159.39,coconut
24.15,18.47,41.43,20.92,90.55,6.53,106.91,pomegranate
101.18,57.71,41.77,26.61,71.81,6.46,167.75,jute
24.09,16.9,29.64,28.12,93.97,5.74,186.68,coconut
24.41,17.59,45.58,21.41,93.78,6.39,111.74,pomegranate
22.04,125.64,203.33,22.0,87.32,6.1,104.88,apple
80.74,56.59,16.37,26.58,66.88,5.99,84.13,maize
40.61,55.48,50.88,36.06,92.82,6.77,135.86,papaya
102.69,13.88,50.16,29.06,91.99,6.54,25.0,muskmelon
82.28,28.13,35.21,23.46,59.22,7.46,169.48,coffee
45.37,64.18,50.08,31.88,93.74,6.55,155.36,papaya
13.49,13.05,8.36,23.81,92.78,7.16,114.67,orange
59.59,61.48,46.67,37.43,92.54,6.71,118.55,papaya
45.72,79.9,86.57,21.36,18.28,7.33,67.28,chickpea
70.95,46.49,42.22,25.9,76.3,6.4,161.05,jute
21.13,50.65,25.47,27.78,86.47,6.16,34.05,mungbean
19.66,17.08,8.04,29.21,91.53,6.88,108.07,orange
21.68,67.01,21.31,21.37,52.19,5.86,145.05,pigeonpeas
90.54,37.36,35.31,24.63,83.84,6.61,300.0,rice
17.91,13.04,44.04,24.06,85.23,6.69,102.64,pomegranate
23.2,48.74,19.66,25.6,54.36,6.35,33.68,mothbeans
73.52,47.9,39.05,25.28,81.98,6.35,173.83,jute
26.32,71.65,18.42,20.93,66.38,7.23,42.54,lentil
80.86,46.47,34.71,26.21,82.2,6.5,185.41,jute
37.81,55.8,25.31,30.84,63.13,7.5,61.96,blackgram
86.42,47.4,48.61,24.24,76.45,6.83,164.68,jute
34.48,46.76,78.57,20.55,20.72,6.81,84.07,chickpea
37.42,61.46,72.97,18.78,13.79,7.6,80.76,chickpea
20.69,69.21,19.33,23.08,17.6,5.53,104.35,kidneybeans
48.96,53.58,54.23,29.98,92.23,6.76,169.67,papaya
28.31,27.46,34.99,30.8,49.35,5.82,93.95,mango
41.13,62.9,18.42,26.88,64.22,7.04,71.04,blackgram
60.07,47.31,17.03,19.64,65.92,6.62,95.82,maize
24.36,53.93,22.48,28.88,84.81,6.53,57.23,mungbean
65.97,32.93,21.17,28.63,65.18,6.45,85.78,maize
19.26,69.71,19.86,26.64,44.68,5.96,119.16,pigeonpeas
21.96,17.26,28.18,28.87,93.94,5.6,161.82,coconut
93.84,16.26,52.16,30.55,91.26,6.13,26.59,muskmelon
74.52,47.48,21.86,22.84,59.86,6.31,92.13,maize
28.92,64.5,22.29,29.23,61.71,7.38,65.82,blackgram
97.19,32.13,32.53,23.94,62.89,6.68,179.91,coffee
24.72,124.04,203.12,23.45,82.44,5.71,70.24,grapes
17.92,52.7,25.0,27.9,87.54,6.35,52.93,mungbean
104.79,30.36,22.75,25.07,58.75,7.18,158.96,coffee
14.65,72.35,18.18,23.54,26.58,5.55,97.66,kidneybeans
140.0,49.84,18.99,23.8,78.54,6.94,80.1,cotton
20.4,120.26,197.62,22.21,91.31,5.92,115.79,apple
120.45,83.96,52.91,26.46,84.26,5.92,106.82,banana
38.65,61.0,28.01,27.75,63.38,7.22,71.4,blackgram
95.27,17.86,49.45,26.73,80.61,6.05,51.7,watermelon
29.05,15.99,30.61,28.49,95.91,5.82,177.43,coconut
11.18,64.96,24.57,22.58,62.38,6.72,39.63,lentil
16.74,21.09,12.97,21.39,91.19,6.59,106.09,orange
53.3,71.74,53.55,33.39,92.51,6.6,123.6,papaya
17.11,66.09,23.54,28.19,44.91,6.04,127.45,pigeonpeas
17.64,15.88,10.84,19.75,93.45,7.65,109.29,orange
76.57,44.4,32.96,22.04,78.97,7.1,259.59,rice
101.17,16.1,46.82,29.75,89.9,6.22,21.39,muskmelon
15.96,79.93,22.8,27.11,54.91,5.25,133.01,pigeonpeas
110.07,11.48,49.28,27.92,90.9,6.48,28.06,muskmelon
23.67,17.19,29.32,26.15,92.63,5.66,182.99,coconut
79.78,44.15,40.3,24.62,74.7,6.75,154.87,jute
116.44,92.77,55.77,27.84,80.5,6.26,110.46,banana
41.28,61.07,24.39,28.63,64.93,7.27,64.25,blackgram
56.19,55.45,49.46,36.45,94.85,6.6,181.79,papaya
90.71,90.13,48.39,25.17,74.25,6.38,109.53,banana
121.97,56.88,25.09,22.86,80.56,6.33,87.0,cotton
102.49,21.27,55.86,25.56,85.62,6.83,43.3,watermelon
12.45,11.54,9.59,22.32,93.9,7.3,114.74,orange
87.85,28.36,35.73,27.49,56.85,6.86,158.06,coffee
51.03,65.21,78.25,18.87,16.19,7.62,67.17,chickpea
79.5,45.33,35.46,22.45,84.57,6.6,211.76,rice
18.14,43.63,20.96,31.51,53.9,7.4,40.08,mothbeans
15.36,11.87,9.69,20.2,94.01,7.16,110.01,orange
17.28,24.83,31.97,31.84,45.57,5.63,99.97,mango
95.07,25.47,34.45,22.93,50.63,6.45,130.37,coffee
22.68,34.82,19.51,28.49,57.45,7.22,55.86,mothbeans
33.84,67.94,19.52,27.74,64.4,7.22,69.96,blackgram
11.9,18.89,46.97,22.1,89.37,6.21,112.89,pomegranate
71.77,55.34,17.89,18.88,58.97,6.38,69.43,maize
19.82,44.81,15.3,28.89,65.76,5.7,50.94,mothbeans
111.5,50.77,15.08,23.15,74.49,6.62,85.54,cotton
33.41,51.21,48.78,35.7,93.48,6.79,134.93,papaya
13.77,71.24,24.47,33.38,45.67,6.05,160.9,pigeonpeas
21.49,40.86,23.16,29.34,49.68,5.88,50.04,mothbeans
16.34,61.68,19.8,18.67,23.31,6.0,97.2,kidneybeans
119.78,28.46,26.87,25.25,49.99,6.79,172.88,coffee
43.23,72.51,26.38,34.27,62.35,7.59,70.1,blackgram
22.55,66.77,19.65,24.17,69.31,6.55,41.67,lentil
16.29,16.04,30.58,26.75,99.68,5.75,196.93,coconut
79.92,57.36,40.39,21.88,86.87,6.62,210.27,rice
18.21,14.64,9.51,21.81,92.76,6.32,117.76,orange
129.44,13.87,45.77,28.88,96.53,6.23,23.9,muskmelon
119.67,19.59,46.88,25.26,83.29,6.96,43.7,watermelon
23.14,67.37,19.21,20.14,22.97,5.46,122.61,kidneybeans
94.43,19.77,51.82,24.62,81.7,6.06,51.74,watermelon
113.08,75.17,53.86,28.46,85.96,5.87,95.82,banana
25.68,64.43,21.92,27.22,50.04,5.23,151.2,pigeonpeas
7.87,33.68,18.51,30.39,45.37,5.0,55.77,mothbeans
109.62,67.78,52.86,27.05,82.52,6.23,117.46,banana
73.89,59.32,34.72,27.09,83.85,7.27,150.98,jute
131.59,47.22,20.2,26.5,81.54,7.52,62.85,cotton
23.09,16.28,39.01,23.34,88.78,6.4,109.89,pomegranate
24.91,65.12,11.28,26.76,41.87,4.98,124.75,pigeonpeas
44.84,59.21,82.38,19.66,18.92,8.4,83.24,chickpea
76.04,56.04,17.89,22.31,72.28,6.01,106.55,maize
23.87,17.97,27.57,25.65,95.36,5.95,214.53,coconut
25.0,22.33,37.15,21.19,90.46,6.19,117.65,pomegranate
74.24,45.07,28.49,20.57,86.4,7.06,229.97,rice
19.28,78.83,22.04,27.36,44.98,5.63,158.07,pigeonpeas
30.05,131.71,204.13,23.12,86.07,5.8,67.14,grapes
39.87,75.35,18.64,31.36,66.5,7.2,66.17,blackgram
21.72,15.14,31.1,28.17,93.65,6.05,197.95,coconut
39.09,65.44,85.67,19.79,10.92,7.56,81.66,chickpea
43.03,71.89,15.48,26.89,62.12,6.9,72.32,blackgram
19.17,18.34,30.59,25.2,95.72,5.67,192.61,coconut
79.44,44.05,16.16,24.58,67.8,6.17,106.96,maize
100.34,74.15,52.96,29.92,81.43,6.58,92.4,banana
23.72,50.53,20.8,27.52,55.05,6.73,54.86,mothbeans
99.51,86.38,44.64,26.29,80.05,6.57,103.69,banana
29.46,62.0,15.86,20.71,23.4,5.65,127.7,kidneybeans
24.37,19.24,45.47,19.08,88.99,6.31,106.81,pomegranate
42.42,66.81,75.48,19.39,14.44,7.78,76.38,chickpea
25.84,19.98,26.29,29.04,96.89,5.72,204.48,coconut
16.85,15.06,7.74,21.33,89.94,6.95,102.99,orange
24.11,70.56,19.08,25.6,42.78,6.07,174.08,pigeonpeas
94.02,78.35,51.36,28.08,71.27,6.31,116.09,banana
81.81,72.97,53.89,28.71,81.49,5.48,101.73,banana
22.21,139.71,202.95,24.73,88.4,6.1,119.59,apple
19.98,72.18,16.72,19.33,23.34,5.87,101.49,kidneybeans
102.63,18.06,51.36,28.49,92.32,6.28,22.45,muskmelon
25.61,48.45,25.75,30.04,83.54,6.71,48.12,mungbean
12.0,40.7,20.48,26.41,55.77,6.82,35.45,mothbeans
23.91,22.46,33.16,28.2,96.86,5.89,166.55,coconut
66.3,37.32,17.92,22.29,66.17,6.13,89.02,maize
11.39,138.14,194.24,21.16,92.3,5.87,102.82,apple
12.39,14.42,25.72,26.71,95.71,5.93,165.08,coconut
20.7,88.4,21.1,19.47,23.9,5.8,112.2,kidneybeans
15.12,55.82,21.99,27.09,58.21,6.5,44.94,mothbeans
16.07,46.89,20.99,31.64,80.96,7.05,54.24,mungbean
14.81,71.63,21.99,24.93,69.41,6.41,48.04,lentil
110.08,19.82,49.94,24.1,82.2,6.58,52.51,watermelon
24.51,47.97,22.92,29.28,85.58,6.61,47.91,mungbean
17.51,70.91,13.74,26.24,47.91,5.35,130.77,pigeonpeas
14.93,55.89,14.62,24.31,43.85,6.78,138.98,pigeonpeas
21.09,63.54,19.5,27.9,35.33,6.03,129.91,pigeonpeas
13.43,66.27,24.98,20.14,22.18,5.45,96.65,kidneybeans
75.33,49.03,23.62,20.36,66.67,6.08,85.14,maize
84.17,44.71,47.66,26.01,83.96,6.52,190.67,jute
32.15,42.84,80.92,21.6,19.28,7.38,76.17,chickpea
18.95,133.55,204.08,23.1,93.3,6.05,118.89,apple
20.51,11.86,10.08,23.29,92.46,6.91,118.47,orange
125.99,47.94,26.6,24.63,79.38,6.56,74.45,cotton
77.11,49.26,35.86,24.64,86.9,6.36,246.24,rice
22.01,15.61,30.34,27.58,92.89,5.88,177.09,coconut
21.27,145.0,202.14,24.82,81.58,5.98,68.55,grapes
14.12,60.2,17.51,22.14,62.61,6.81,49.89,lentil
116.86,20.08,53.43,25.46,89.74,6.43,50.64,watermelon
29.61,142.23,200.78,20.01,78.83,6.03,67.6,grapes
21.02,140.88,194.66,24.84,80.94,5.77,79.94,grapes
28.01,67.74,21.04,30.65,65.77,7.45,64.56,blackgram
21.26,20.84,43.45,22.46,97.44,6.09,97.24,pomegranate
51.31,79.35,77.56,17.22,17.08,6.59,82.69,chickpea
20.16,19.88,29.97,27.12,92.3,6.24,163.96,coconut
63.28,36.71,24.41,21.88,62.52,6.51,77.53,maize
15.46,52.14,18.35,23.93,67.66,6.34,38.1,lentil
30.27,125.51,199.44,22.44,78.98,5.9,74.03,grapes
107.22,16.8,50.15,24.27,84.3,6.27,52.72,watermelon
81.42,42.91,36.18,25.62,80.36,6.46,153.22,jute
109.75,30.84,30.88,27.06,59.26,7.1,169.15,coffee
104.5,33.83,30.04,22.23,52.1,7.02,147.84,coffee
19.06,67.77,15.65,19.5,21.47,6.22,89.22,kidneybeans
70.83,55.65,34.11,24.4,77.16,6.35,170.6,jute
15.82,47.16,20.92,27.15,59.96,7.05,51.52,mothbeans
17.98,66.93,21.04,19.13,19.91,5.71,89.59,kidneybeans
90.9,92.94,57.87,27.34,84.15,5.68,113.2,banana
18.79,65.19,22.2,20.77,22.39,5.79,82.87,kidneybeans
26.78,18.25,35.34,29.92,94.12,6.75,176.14,coconut
54.26,64.04,42.08,32.25,94.4,6.75,118.67,papaya
47.37,56.73,49.7,32.55,89.69,6.59,140.65,papaya
18.15,48.31,22.74,29.25,82.86,6.92,44.57,mungbean
17.7,25.47,36.56,30.58,52.77,5.8,83.61,mango
19.03,22.45,41.89,21.68,85.85,6.16,108.63,pomegranate
111.53,18.6,47.73,27.04,88.82,6.58,46.3,watermelon
25.86,74.48,20.84,23.62,22.53,5.78,105.1,kidneybeans
66.35,45.86,18.17,21.93,65.43,6.36,83.95,maize
28.79,135.93,192.82,23.15,92.79,5.72,116.71,apple
39.78,72.12,22.47,28.4,57.23,7.09,69.56,blackgram
45.38,64.85,75.54,15.67,15.36,7.22,72.2,chickpea
18.87,132.26,202.44,26.1,82.26,6.1,69.94,grapes
21.69,136.75,195.32,20.57,79.09,6.61,71.72,grapes
116.59,76.96,52.3,27.24,79.85,5.77,117.92,banana
122.33,56.72,23.63,23.48,81.22,6.77,96.84,cotton
71.75,44.75,42.06,22.47,79.83,6.5,242.32,rice
19.14,21.56,38.42,22.08,89.99,6.12,106.82,pomegranate
17.56,46.93,16.72,24.75,86.1,6.88,49.97,mungbean
94.52,105.54,52.9,30.95,84.59,6.07,107.01,banana
75.49,42.81,37.57,27.97,80.39,6.1,167.0,jute
16.4,40.5,20.95,27.23,85.81,6.56,37.71,mungbean
76.51,52.72,16.63,23.36,65.87,6.35,88.27,maize
39.89,63.89,85.62,20.32,15.25,7.46,72.33,chickpea
42.52,59.9,77.81,19.98,16.05,7.99,76.9,chickpea
35.49,63.59,85.74,19.07,13.92,7.67,74.75,chickpea
23.17,137.22,198.99,25.35,93.29,5.61,114.44,apple
66.8,59.82,45.9,22.66,77.16,6.94,233.34,rice
19.67,57.35,17.23,18.09,22.12,5.71,95.07,kidneybeans
56.34,68.47,61.78,34.58,91.17,6.79,137.28,papaya
99.99,32.41,27.02,25.1,58.1,6.43,150.54,coffee
40.99,57.83,17.75,31.58,60.9,6.34,66.44,blackgram
22.43,81.9,16.61,21.05,19.28,5.81,92.12,kidneybeans
21.27,29.6,32.56,29.96,51.19,6.19,101.69,mango
14.48,28.71,37.38,33.15,47.18,6.25,92.8,mango
26.51,19.02,30.87,24.8,93.25,5.65,139.43,coconut
51.74,50.4,46.14,30.86,91.17,6.42,146.67,papaya
20.65,138.4,198.22,23.0,89.28,5.69,107.96,apple
34.92,61.85,85.15,18.4,15.99,6.92,83.49,chickpea
14.19,19.24,41.74,19.45,92.42,5.87,104.03,pomegranate
36.95,65.82,77.73,21.08,17.45,7.42,85.08,chickpea
103.37,18.58,50.96,29.19,92.41,6.4,28.29,muskmelon
5.71,145.0,203.87,25.61,94.77,6.37,118.85,apple
92.05,18.38,54.57,27.2,92.0,6.05,23.52,muskmelon
96.0,22.73,45.03,27.41,90.93,6.23,23.9,muskmelon
23.31,24.05,27.07,29.93,51.04,6.39,82.42,mango
20.2,25.6,40.13,32.89,48.77,5.38,83.42,mango
107.71,56.3,15.14,25.19,79.5,7.66,83.13,cotton
23.43,10.5,27.02,27.66,95.07,5.93,182.34,coconut
21.26,22.95,36.56,21.31,90.84,6.61,95.33,pomegranate
85.47,45.58,38.91,25.8,84.78,6.73,268.84,rice
104.25,15.28,48.26,28.39,89.23,6.06,22.9,muskmelon
102.22,26.18,30.19,21.36,59.58,6.07,177.68,coffee
37.25,54.96,49.79,34.59,89.87,6.67,128.25,papaya
18.4,57.86,21.08,26.47,53.04,6.81,54.98,mothbeans
86.5,37.61,12.34,24.74,59.73,6.13,70.76,maize
18.66,27.93,27.03,31.46,50.73,5.2,100.67,mango
99.16,22.5,52.79,28.97,91.5,6.28,28.92,muskmelon
21.96,66.34,17.73,30.32,58.03,5.56,137.26,pigeonpeas
22.64,46.55,22.44,28.33,84.35,6.86,53.66,mungbean
99.17,27.09,32.47,25.85,67.93,6.85,148.18,coffee
14.7,126.62,199.03,25.8,82.37,6.48,65.46,grapes
17.99,15.52,26.59,24.68,96.24,6.07,175.89,coconut
107.4,46.46,22.8,23.27,73.04,6.82,79.15,cotton
17.41,70.87,17.05,27.85,50.78,5.63,152.91,pigeonpeas
82.03,41.71,32.89,22.31,79.06,7.07,258.24,rice
29.45,138.52,197.75,24.59,92.23,5.97,112.4,apple
16.64,15.92,35.7,21.72,86.41,6.68,107.83,pomegranate
105.06,27.26,29.24,27.58,56.13,7.03,185.3,coffee
38.25,54.49,84.42,18.78,16.44,8.58,82.49,chickpea
133.16,55.45,17.03,24.1,81.82,7.51,86.15,cotton
81.92,48.65,37.16,24.91,84.94,6.41,145.52,jute
15.28,28.05,29.97,30.77,54.89,5.52,86.6,mango
95.57,65.43,54.67,26.24,77.84,5.88,106.78,banana
44.25,58.75,46.78,39.15,94.08,6.8,167.32,papaya
15.97,136.09,203.29,19.79,93.34,5.74,111.35,apple
34.47,79.92,78.39,20.73,19.84,7.7,76.65,chickpea
86.16,51.15,38.45,24.25,78.55,6.77,231.58,rice
20.23,76.98,16.14,24.21,44.6,6.32,119.11,pigeonpeas
12.34,46.82,20.91,28.55,43.98,6.27,50.69,mothbeans
6.63,42.16,16.52,28.12,83.89,6.94,37.24,mungbean
82.81,42.91,32.25,24.57,74.85,6.76,156.99,jute
13.19,27.16,40.11,21.68,91.57,6.69,113.18,pomegranate
26.75,139.92,201.04,16.74,81.95,6.37,71.71,grapes
21.68,46.64,17.53,26.76,63.45,6.8,57.46,mothbeans
75.69,37.85,38.3,24.75,77.4,6.91,188.59,jute
83.59,62.07,19.47,20.4,59.68,5.98,84.4,maize
17.09,15.0,23.33,29.81,97.99,5.7,171.6,coconut
76.01,54.43,19.13,23.07,66.49,6.0,96.7,maize
37.3,67.0,83.01,16.73,12.21,7.08,70.33,chickpea
86.15,83.62,43.77,27.46,76.13,6.14,97.21,banana
72.07,46.25,34.82,22.49,78.71,7.19,237.08,rice
14.15,21.41,33.68,26.98,95.41,6.0,211.21,coconut
69.29,54.15,38.37,26.17,81.48,6.44,166.0,jute
21.42,24.96,31.4,29.84,48.43,5.19,100.26,mango
110.85,20.77,54.77,27.4,89.86,6.18,28.7,muskmelon
17.6,138.26,196.33,22.94,92.1,5.96,109.48,apple
112.88,89.73,52.88,30.13,80.15,6.19,99.92,banana
24.36,69.72,15.04,25.3,47.36,5.85,126.9,pigeonpeas
42.61,69.18,22.96,31.48,68.98,7.2,59.46,blackgram
19.96,15.47,12.07,18.87,87.63,6.91,113.78,orange
39.11,63.27,72.03,19.67,15.73,6.83,57.12,chickpea
98.88,17.84,48.82,25.87,83.42,6.88,50.23,watermelon
75.9,83.26,50.13,27.28,83.37,6.22,106.98,banana
20.55,145.0,200.79,21.41,90.88,6.08,121.79,apple
41.35,74.46,72.91,16.26,13.75,7.81,75.69,chickpea
111.1,30.48,24.5,24.89,68.12,6.91,164.72,coffee
11.35,64.98,20.57,28.82,45.04,5.82,99.73,pigeonpeas
9.53,16.15,7.77,23.31,89.91,6.53,121.73,orange
21.63,141.93,194.26,24.51,89.18,6.54,109.82,apple
17.92,17.34,28.82,25.25,99.18,5.65,179.66,coconut
59.32,55.49,52.84,34.27,89.23,6.52,139.6,papaya
85.18,19.04,50.26,26.33,85.39,6.67,46.73,watermelon
19.24,51.2,22.52,30.64,58.49,7.32,48.68,mothbeans
38.76,62.24,52.42,32.18,89.51,6.7,142.45,papaya
47.18,62.12,79.33,18.92,15.23,7.56,79.13,chickpea
18.79,16.63,48.17,25.47,87.93,6.57,112.0,pomegranate
33.17,75.31,79.62,19.91,14.66,6.68,86.64,chickpea
56.5,61.78,47.57,38.37,89.78,6.68,161.94,papaya
26.08,76.24,19.81,18.74,63.36,7.98,44.55,lentil
23.55,127.8,199.81,22.55,91.25,5.59,110.7,apple
18.23,18.14,40.33,21.95,89.02,6.78,100.48,pomegranate
39.83,81.18,88.31,18.21,15.6,7.49,72.11,chickpea
10.15,28.53,28.87,31.99,52.24,6.31,85.66,mango
46.84,77.54,79.41,15.72,15.58,7.82,79.92,chickpea
20.49,16.94,38.73,22.38,87.19,6.29,102.34,pomegranate
88.65,13.86,52.91,24.06,84.21,6.64,50.47,watermelon
20.96,71.0,21.42,20.25,23.46,5.8,87.34,kidneybeans
26.65,49.08,23.7,28.93,82.03,6.3,39.09,mungbean
98.97,18.32,50.56,28.6,90.12,6.62,25.59,muskmelon
108.17,16.06,55.21,26.96,85.51,6.36,45.94,watermelon
14.68,66.18,22.76,19.84,25.38,5.41,105.72,kidneybeans
113.46,17.1,41.85,29.12,94.85,6.58,22.71,muskmelon
23.12,25.56,29.79,31.43,50.58,6.2,98.56,mango
89.69,42.09,38.36,22.82,77.91,6.52,242.73,rice
43.26,67.52,22.89,31.87,59.5,7.28,66.57,blackgram
40.53,68.58,76.91,18.43,18.03,7.78,78.98,chickpea
129.06,83.74,48.14,25.63,81.81,6.53,102.62,banana
34.89,67.54,14.61,32.2,64.28,7.44,64.64,blackgram
15.97,59.63,23.41,28.55,42.47,5.91,128.98,pigeonpeas
45.34,54.55,49.08,34.29,91.87,6.93,152.76,papaya
29.47,67.83,20.68,29.43,40.48,6.65,153.55,pigeonpeas
12.99,41.66,18.22,25.45,85.64,6.63,38.36,mungbean
23.49,13.64,33.91,23.23,94.63,6.34,151.15,coconut
118.46,40.62,10.69,26.33,81.96,7.11,75.54,cotton
28.31,134.19,198.3,26.68,83.52,5.79,64.29,grapes
22.48,131.3,192.26,22.27,92.77,5.78,101.04,apple
19.34,67.33,18.4,23.72,58.61,7.01,45.5,lentil
87.6,74.22,48.2,26.27,81.07,5.42,95.66,banana
88.34,47.2,38.04,24.63,73.49,6.65,185.13,jute
26.73,141.39,196.43,23.11,89.75,6.17,112.18,apple
20.33,13.55,38.61,21.72,87.35,6.94,102.38,pomegranate
18.4,137.31,198.56,20.97,97.9,5.75,97.18,apple
20.49,48.76,22.75,29.29,84.93,6.64,51.46,mungbean
88.37,12.2,54.17,27.04,91.94,6.55,22.86,muskmelon
93.85,25.09,35.2,27.23,51.45,6.57,162.46,coffee
100.43,30.87,29.82,24.89,58.6,6.81,152.61,coffee
28.08,59.53,20.65,24.96,44.57,5.38,137.34,pigeonpeas
74.79,51.4,45.63,26.1,82.83,6.98,183.07,jute
23.53,64.34,18.59,20.63,20.51,5.69,137.4,kidneybeans
114.89,69.43,46.27,23.97,78.05,6.23,101.29,banana
81.73,49.79,22.95,26.56,69.26,5.65,69.45,maize
73.25,44.13,36.52,22.29,83.59,6.99,155.7,jute
101.55,43.54,18.41,20.84,62.98,6.01,99.07,maize
32.76,78.31,21.81,27.88,46.83,5.32,151.05,pigeonpeas
14.76,24.2,32.38,27.51,53.9,5.59,92.37,mango
26.25,61.77,24.6,21.1,18.1,5.77,74.4,kidneybeans
23.48,12.94,37.53,19.8,85.71,6.43,118.34,pomegranate
99.92,20.14,49.39,26.06,85.08,6.47,52.09,watermelon
38.98,78.96,18.65,29.86,63.17,7.43,79.56,blackgram
73.91,49.55,18.56,25.54,61.62,6.14,79.52,maize
79.34,38.52,36.74,23.69,79.72,6.25,261.36,rice
16.89,51.5,21.49,30.34,47.2,5.41,58.06,mothbeans
15.97,53.76,21.05,16.97,21.84,5.65,116.09,kidneybeans
18.77,23.59,38.09,31.81,47.22,6.15,99.31,mango
126.76,45.99,17.19,22.24,84.56,7.28,95.95,cotton
52.17,52.38,47.07,30.69,91.05,6.64,137.27,papaya
26.19,50.28,17.1,27.58,50.13,6.37,59.03,mothbeans
119.81,48.93,16.54,24.55,79.12,7.01,74.6,cotton
33.65,50.49,20.35,30.27,92.53,6.96,54.09,mungbean
19.94,18.25,6.52,23.06,92.06,7.29,109.19,orange
72.51,43.72,45.39,23.0,77.26,6.53,174.56,jute
35.72,54.75,17.08,27.12,71.92,7.07,65.72,blackgram
24.21,54.43,25.45,29.76,88.99,6.53,41.46,mungbean
96.32,35.89,31.22,25.8,66.84,6.1,143.42,coffee
95.86,93.48,42.69,24.3,80.67,5.87,104.66,banana
17.05,73.01,22.06,32.32,47.05,6.13,151.46,pigeonpeas
44.36,51.94,51.28,33.31,92.11,6.98,153.58,papaya
21.15,111.71,198.56,23.27,93.01,6.17,109.99,apple
15.65,19.61,42.93,23.73,87.03,7.06,112.1,pomegranate
77.34,42.61,20.7,18.51,66.52,6.45,60.88,maize
11.74,38.04,31.56,31.73,52.35,6.08,93.86,mango
23.0,12.6,35.89,27.25,94.51,5.71,176.13,coconut
12.92,137.36,201.71,24.34,92.66,5.5,105.98,apple
16.81,72.04,14.87,24.96,66.61,7.58,41.85,lentil
82.15,39.12,36.48,26.61,80.68,6.53,161.92,jute
14.84,51.57,18.23,27.94,53.56,5.9,44.97,mothbeans
9.19,77.75,21.42,20.75,58.88,7.57,42.01,lentil
28.43,11.8,32.45,25.5,98.57,5.54,196.44,coconut
36.13,48.33,22.76,32.98,62.89,7.02,63.28,blackgram
70.31,35.61,48.88,24.24,83.57,6.48,197.87,jute
19.2,50.3,15.83,28.83,87.16,6.9,36.78,mungbean
109.1,50.44,15.46,25.03,85.14,7.13,85.5,cotton
101.1,19.11,52.75,25.03,83.6,6.69,54.38,watermelon
22.17,132.07,199.39,24.65,91.42,6.08,112.96,apple
29.09,129.02,198.44,19.81,80.04,6.16,69.63,grapes
20.23,15.8,28.19,27.61,94.15,6.15,146.5,coconut
24.37,141.82,203.13,23.29,85.28,5.29,77.81,grapes
101.59,15.57,46.86,24.28,93.51,6.42,41.17,watermelon
79.67,32.53,39.55,20.99,84.31,6.55,212.7,rice
17.81,24.44,31.4,34.48,54.3,5.3,102.44,mango
14.32,30.1,34.58,35.96,60.23,5.44,111.65,mango
102.46,30.73,28.7,27.84,57.3,6.21,151.06,coffee
23.28,19.93,38.84,21.72,90.15,6.16,110.97,pomegranate
107.07,85.18,53.73,27.99,79.46,5.76,102.61,banana
23.71,141.84,205.0,21.75,83.9,6.23,73.89,grapes
76.61,52.56,38.44,22.69,79.02,6.44,182.18,jute
11.18,10.96,10.02,18.82,96.41,6.18,104.9,orange
105.91,41.81,15.87,23.04,78.01,5.95,86.0,cotton
27.06,27.29,30.95,33.23,47.66,5.82,95.45,mango
49.35,66.93,47.15,32.78,87.83,7.05,121.19,papaya
99.53,21.64,47.31,30.84,90.96,6.42,23.86,muskmelon
19.09,34.94,20.54,31.06,45.83,6.45,53.83,mothbeans
62.56,55.35,40.53,24.31,78.28,6.1,183.7,jute
41.7,65.01,88.04,19.64,18.27,7.57,89.49,chickpea
17.14,50.0,22.8,27.75,58.53,7.67,43.87,mothbeans
19.17,20.7,50.32,19.81,87.3,6.17,107.69,pomegranate
105.66,21.45,46.09,27.51,86.05,6.5,48.81,watermelon
23.27,52.86,17.02,29.04,48.92,6.86,41.08,mothbeans
139.4,42.9,17.04,24.43,81.95,7.26,72.71,cotton
55.41,61.86,58.07,33.85,93.65,6.41,126.1,papaya
99.54,19.73,56.65,26.48,84.95,6.91,39.84,watermelon
18.79,36.66,18.64,26.12,50.16,6.72,58.86,mothbeans
87.87,55.11,35.9,25.53,83.54,6.73,283.62,rice
32.25,19.46,35.69,26.46,96.2,6.4,159.57,coconut
17.77,48.68,18.91,24.19,51.26,6.62,56.27,mothbeans
18.78,48.01,23.21,30.74,52.65,6.57,50.75,mothbeans
90.02,58.93,20.1,20.52,67.04,6.0,108.96,maize
74.93,43.7,41.16,20.7,78.08,6.11,230.86,rice
70.07,42.97,22.68,21.66,70.19,6.0,88.15,maize
21.8,15.78,26.84,27.17,95.63,6.16,214.77,coconut
18.33,14.54,10.04,21.03,92.86,6.79,113.78,orange
16.78,18.08,43.78,20.27,89.44,6.51,95.85,pomegranate
18.5,65.28,23.84,21.22,18.82,5.75,113.37,kidneybeans
103.57,18.98,51.13,26.79,86.93,6.41,48.49,watermelon
19.22,47.18,19.58,30.33,82.27,6.47,54.62,mungbean
39.15,68.45,21.39,31.18,66.14,7.46,58.69,blackgram
92.78,49.33,36.26,26.7,82.65,6.87,237.89,rice
78.1,40.87,33.09,25.45,88.03,5.84,250.27,rice
111.54,41.72,15.08,25.69,79.28,6.4,73.79,cotton
100.12,48.31,16.07,25.03,77.93,6.48,86.8,cotton
12.29,60.53,19.16,25.29,51.14,5.44,192.8,pigeonpeas
31.27,19.69,10.03,25.4,88.93,8.01,106.37,orange
47.15,61.77,22.48,28.8,59.76,7.32,75.54,blackgram
16.38,71.48,21.01,26.11,58.02,7.3,42.85,lentil
112.77,88.91,49.94,22.97,78.47,5.81,96.77,banana
14.97,27.66,34.28,34.0,51.0,5.67,96.31,mango
74.56,54.75,23.57,19.33,67.59,6.41,81.23,maize
22.03,141.8,191.32,23.62,92.28,6.16,119.1,apple
13.07,15.45,31.77,18.95,90.55,5.81,98.61,pomegranate
21.96,27.87,34.63,31.81,48.79,5.8,95.41,mango
119.69,46.61,17.97,25.39,74.21,6.69,76.52,cotton
27.87,52.34,22.52,27.05,85.26,6.61,42.37,mungbean
20.79,59.5,25.09,32.44,49.04,6.31,153.01,pigeonpeas
39.04,72.37,81.07,17.77,16.16,6.98,88.71,chickpea
21.53,119.06,199.59,22.94,92.13,5.73,106.07,apple
104.79,35.82,28.29,26.89,60.12,7.19,168.47,coffee
26.7,68.68,14.1,24.91,46.98,5.95,148.37,pigeonpeas
77.29,45.54,36.1,25.3,87.52,6.55,168.3,jute
87.4,52.29,38.98,22.64,80.46,6.42,152.45,jute
69.25,41.47,44.01,22.16,85.26,6.6,163.21,jute
58.99,52.58,44.46,33.68,88.18,6.95,167.01,papaya
23.18,71.35,16.82,29.95,65.58,6.84,50.52,lentil
21.08,126.38,203.67,19.19,83.31,6.21,66.08,grapes
82.27,56.15,31.96,23.97,83.08,6.71,205.28,rice
14.85,12.15,10.79,20.91,89.06,7.39,120.27,orange
17.91,49.52,21.65,28.35,85.33,6.82,47.01,mungbean
15.37,26.47,30.84,30.52,52.25,5.91,105.7,mango
15.07,71.37,21.88,18.71,23.06,5.75,97.82,kidneybeans
22.2,133.98,201.66,25.48,82.49,5.64,65.85,grapes
15.0,55.91,18.86,30.68,85.27,6.15,53.75,mungbean
16.15,20.2,12.19,24.37,91.3,6.65,106.36,orange
14.02,64.82,20.4,26.56,46.79,5.75,147.88,pigeonpeas
114.67,74.51,44.51,29.17,82.6,6.38,111.01,banana
75.85,51.43,51.35,23.96,83.04,6.22,214.95,rice
26.95,73.16,19.88,26.66,35.95,5.26,187.73,pigeonpeas
29.47,19.19,44.67,22.26,91.35,6.3,108.67,pomegranate
95.78,35.95,27.08,25.07,54.04,6.4,185.95,coffee
85.9,18.12,51.05,29.66,95.86,6.13,24.54,muskmelon
32.35,74.84,20.66,28.43,64.53,7.58,72.2,blackgram
53.37,68.0,52.82,36.53,93.09,6.4,121.71,papaya
45.07,58.58,49.7,33.98,97.55,6.77,101.88,papaya
19.38,7.99,41.56,21.1,89.91,6.29,112.34,pomegranate
21.83,77.69,22.11,21.68,21.81,5.98,112.05,kidneybeans
43.28,67.05,77.82,18.74,16.62,7.15,78.03,chickpea
21.59,40.78,17.3,28.65,88.81,6.62,46.98,mungbean
21.55,46.45,18.47,27.26,83.44,6.29,47.94,mungbean
20.45,24.6,29.02,36.21,49.12,5.94,97.95,mango
21.84,54.69,21.81,28.45,51.93,6.33,156.85,pigeonpeas
107.29,12.88,48.98,28.45,93.25,5.86,25.2,muskmelon
20.93,17.62,27.96,30.0,43.64,5.34,82.81,mango
17.58,42.2,19.47,29.18,53.15,6.98,65.71,mothbeans
30.14,71.6,15.99,28.92,38.82,6.34,140.08,pigeonpeas
95.08,16.0,53.34,27.82,94.13,6.64,20.0,muskmelon
88.27,47.09,47.27,23.07,90.46,6.65,214.77,rice
15.92,29.92,36.05,19.09,91.94,5.78,106.09,pomegranate
96.81,22.55,47.46,28.22,91.22,6.38,22.95,muskmelon
16.84,73.51,22.7,28.83,55.2,5.21,182.84,pigeonpeas
26.67,145.0,192.74,19.72,91.81,5.44,113.02,apple
14.55,51.31,21.92,29.08,82.52,6.77,41.3,mungbean
85.77,45.58,41.86,22.39,82.56,6.34,265.39,rice
16.3,69.29,17.31,19.28,19.11,5.83,118.78,kidneybeans
17.09,130.15,194.23,22.26,94.45,5.9,118.72,apple
75.28,54.62,40.32,21.44,80.15,6.67,217.94,rice
21.07,27.44,30.32,29.61,50.0,6.25,95.38,mango
58.5,72.31,55.34,30.99,91.11,6.67,178.29,papaya
22.31,40.92,20.52,29.54,60.84,7.33,57.29,mothbeans
111.96,54.48,21.28,25.39,83.48,7.11,87.83,cotton
16.95,9.79,41.54,21.25,92.53,6.07,103.79,pomegranate
10.45,75.81,18.99,28.76,55.28,5.11,135.31,pigeonpeas
51.39,55.52,52.11,35.61,94.82,6.89,152.43,papaya
19.01,62.71,20.48,23.96,61.04,7.43,50.34,lentil
90.76,46.95,20.38,21.97,65.26,5.87,67.52,maize
46.44,64.08,75.8,17.33,12.87,8.12,71.27,chickpea
87.16,18.12,52.09,29.22,94.43,6.25,23.1,muskmelon
123.01,42.09,15.13,22.23,77.55,7.11,89.62,cotton
17.71,68.21,24.65,17.62,17.93,5.73,106.66,kidneybeans
34.9,62.36,82.94,21.4,17.59,6.82,83.66,chickpea
18.75,38.4,19.27,30.31,80.92,6.38,49.16,mungbean
90.61,19.98,30.24,26.93,58.47,6.64,166.46,coffee
93.93,32.88,33.54,23.84,60.13,7.35,165.58,coffee
18.29,15.83,10.61,21.03,92.59,6.94,109.84,orange
89.33,17.5,41.55,26.18,87.18,6.72,48.82,watermelon
16.65,13.22,10.19,22.12,93.5,6.82,122.53,orange
25.3,137.41,205.0,19.54,86.28,5.25,66.52,grapes
91.12,21.81,30.83,24.55,54.98,6.42,161.0,coffee
26.65,69.19,23.08,30.46,44.72,5.39,151.06,pigeonpeas
16.13,23.5,28.65,31.38,54.38,5.26,92.78,mango
19.9,140.43,192.01,21.32,89.02,5.82,121.18,apple
20.88,25.61,30.35,31.58,48.17,5.44,92.01,mango
14.45,29.04,47.2,21.74,90.74,6.21,110.09,pomegranate
98.76,22.84,33.3,26.42,62.07,7.19,143.25,coffee
17.36,69.75,19.44,22.1,35.38,5.5,158.65,pigeonpeas
114.8,32.2,29.87,23.19,56.65,7.28,183.04,coffee
15.44,145.0,193.26,22.83,81.82,6.57,64.3,grapes
82.86,37.53,21.92,27.53,82.51,7.03,80.23,cotton
17.23,12.53,34.23,19.8,87.79,6.11,110.61,pomegranate
44.84,60.96,52.17,30.69,92.36,6.67,131.57,papaya
17.82,145.0,201.32,21.76,91.8,6.39,111.05,apple
32.35,66.6,17.24,25.51,71.5,7.31,71.0,blackgram
18.64,67.08,19.89,23.37,57.07,5.82,158.36,pigeonpeas
85.55,19.96,47.1,24.66,88.18,5.94,43.18,watermelon
38.63,61.07,46.89,32.83,93.12,6.66,147.21,papaya
31.02,61.07,23.17,29.56,65.42,7.33,71.98,blackgram
23.83,145.0,193.0,26.19,86.06,5.9,73.04,grapes
12.89,64.59,15.09,26.23,67.67,6.21,52.37,lentil
80.21,51.77,38.45,24.25,81.91,6.44,251.08,rice
105.97,23.17,29.53,25.98,57.15,6.89,172.61,coffee
57.79,68.71,53.91,38.15,91.81,6.57,127.03,papaya
41.58,68.55,84.25,18.69,17.58,7.26,82.22,chickpea
91.61,31.4,32.05,23.24,53.04,6.8,190.35,coffee
66.85,32.41,34.27,20.02,86.99,6.76,160.93,jute
18.6,40.33,21.55,26.53,64.12,7.14,46.55,mothbeans
11.58,20.13,41.66,20.44,86.89,6.84,110.45,pomegranate
54.33,51.64,40.92,30.28,92.01,7.22,153.47,papaya
19.26,62.21,25.2,25.56,44.77,5.9,125.46,pigeonpeas
26.21,127.5,195.68,24.57,93.59,5.92,116.01,apple
26.29,64.24,19.55,19.95,20.47,5.74,94.53,kidneybeans
19.68,14.7,7.79,19.93,90.22,6.89,124.16,orange
18.15,39.91,17.86,29.24,54.81,6.9,43.24,mothbeans
85.71,54.95,44.77,24.9,81.35,6.7,216.88,rice
20.24,44.16,15.82,26.88,79.43,6.67,44.81,mungbean
84.94,18.09,47.01,26.89,85.88,6.68,57.85,watermelon
13.32,23.06,39.17,24.34,91.33,6.03,116.05,pomegranate
15.75,16.94,31.68,24.98,92.96,5.96,159.74,coconut
28.4,9.99,33.81,26.58,94.64,5.84,203.47,coconut
81.3,39.5,38.92,23.87,73.21,7.02,164.36,jute
16.12,14.89,47.39,22.91,87.76,6.73,108.7,pomegranate
23.25,59.46,22.46,23.18,18.79,5.52,121.16,kidneybeans
16.0,36.55,18.82,30.2,60.17,7.23,54.63,mothbeans
76.92,51.75,42.24,25.76,84.46,6.36,167.7,jute
23.48,73.71,17.71,20.18,23.31,5.66,121.99,kidneybeans
80.73,37.97,33.52,22.93,87.31,6.3,198.62,rice
16.17,63.12,17.44,23.53,62.26,6.98,47.5,lentil
52.19,58.49,49.61,36.53,95.84,6.75,155.7,papaya
13.72,18.13,42.6,19.38,92.12,6.15,104.6,pomegranate
19.68,16.81,9.25,21.36,91.01,6.99,93.82,orange
48.47,66.21,80.09,19.96,17.27,7.68,82.4,chickpea
81.71,49.84,31.37,28.05,77.59,6.42,170.97,jute
15.92,15.1,35.19,21.37,91.06,6.61,108.95,pomegranate
102.15,53.91,18.18,23.94,73.67,6.37,85.28,cotton
26.45,45.62,16.69,28.9,53.63,7.01,52.73,mothbeans
18.87,44.09,20.78,26.25,89.34,6.5,52.73,mungbean
26.63,135.0,200.33,22.99,82.1,6.15,70.67,grapes
12.48,48.45,19.79,28.72,83.93,7.62,56.56,mungbean
28.79,68.32,17.48,31.56,59.52,6.91,46.6,lentil
105.84,39.86,18.37,23.85,77.83,7.32,83.18,cotton
21.51,61.19,17.39,22.35,18.63,6.03,92.39,kidneybeans
11.04,23.4,20.58,30.86,46.2,5.82,84.95,mango
93.08,17.88,50.6,28.97,94.02,6.15,20.0,muskmelon
21.89,77.89,21.07,19.47,21.6,5.45,114.97,kidneybeans
18.1,14.46,10.44,22.91,90.75,6.13,103.55,orange
23.74,58.48,22.33,25.19,43.59,5.07,139.47,pigeonpeas
75.7,48.31,19.56,24.81,74.04,6.03,68.36,maize
80.05,53.59,39.23,25.12,79.27,6.94,164.78,jute
127.91,30.35,32.87,26.57,61.39,6.96,138.26,coffee
107.89,54.43,19.65,24.92,84.34,5.96,90.63,cotton
61.84,58.83,25.39,20.87,63.65,6.29,88.81,maize
18.85,59.62,18.6,27.93,69.6,6.89,45.26,lentil
15.48,71.86,21.89,18.49,23.84,5.57,109.7,kidneybeans
18.77,17.25,45.42,20.82,86.57,6.24,111.21,pomegranate
56.38,51.32,59.47,36.7,89.13,6.56,158.92,papaya
80.1,40.13,42.31,24.0,80.5,6.43,226.57,rice
14.3,69.03,23.02,24.56,49.21,6.27,149.75,pigeonpeas
92.46,19.77,49.16,30.51,93.3,6.3,24.67,muskmelon
13.92,43.05,19.11,26.11,83.28,6.9,56.96,mungbean
17.53,63.59,16.7,20.98,23.55,5.79,131.02,kidneybeans
62.21,49.28,19.95,23.85,65.68,5.91,99.16,maize
79.37,57.87,44.01,23.52,88.06,6.69,193.49,jute
14.99,70.05,22.66,19.26,15.09,5.74,112.45,kidneybeans
44.76,53.01,86.52,16.41,18.87,7.75,71.37,chickpea
123.33,43.11,24.87,26.68,79.9,7.51,94.66,cotton
20.97,41.88,20.62,31.12,55.44,7.38,49.3,mothbeans
14.14,144.66,202.67,20.16,93.83,6.18,113.57,apple
53.08,59.03,51.76,39.57,93.95,6.95,144.49,papaya
17.76,15.28,41.28,21.37,87.16,6.84,103.77,pomegranate
112.85,42.96,17.69,24.21,86.72,6.6,77.85,cotton
27.58,26.06,24.08,31.92,45.15,5.98,97.17,mango
24.33,137.53,198.5,25.84,80.12,5.37,67.9,grapes
26.83,26.5,34.08,30.73,53.17,4.91,109.21,mango
64.85,37.07,31.55,24.12,54.4,6.65,171.0,coffee
105.57,29.16,29.4,25.33,55.44,6.8,147.58,coffee
131.29,39.7,22.72,27.69,82.09,7.22,81.76,cotton
13.17,51.56,11.89,26.94,50.76,7.18,51.38,mothbeans
22.55,15.84,30.19,26.37,97.02,6.43,173.3,coconut
18.16,16.52,28.83,29.21,93.85,5.76,210.67,coconut
13.88,17.41,31.24,29.7,97.42,6.26,136.77,coconut
18.29,125.83,198.86,21.99,96.0,5.55,113.42,apple
19.99,19.35,11.01,26.14,86.6,6.88,119.65,orange
15.01,26.29,27.18,30.23,53.75,5.84,110.34,mango
9.88,24.88,33.17,33.17,53.4,5.41,104.4,mango
24.28,15.22,8.45,22.46,91.52,7.78,101.92,orange
104.96,83.36,46.61,28.31,78.13,5.97,116.18,banana
11.56,130.03,193.86,23.22,90.07,6.03,111.39,apple
24.68,136.77,205.0,22.63,85.6,5.8,74.91,grapes
42.49,58.98,23.29,28.69,68.74,7.57,70.54,blackgram
22.14,49.05,20.01,20.76,23.91,5.5,107.19,kidneybeans
25.23,132.63,195.07,17.03,82.98,6.05,67.13,grapes
111.82,62.34,17.89,23.12,77.18,7.41,77.42,cotton
12.77,54.24,17.64,20.42,63.1,7.1,41.25,lentil
73.25,83.56,57.67,26.87,79.72,6.09,100.13,banana
16.51,58.07,14.27,30.82,52.08,7.32,51.84,mothbeans
6.07,145.0,202.36,23.09,92.18,5.95,108.52,apple
72.95,47.63,41.08,24.02,84.68,6.36,178.72,jute
12.62,71.45,21.9,23.0,69.46,6.23,38.23,lentil
97.48,27.41,29.22,27.16,58.38,7.11,185.78,coffee
17.83,16.48,12.59,22.56,92.63,6.96,119.16,orange
16.54,57.54,23.17,23.26,59.73,6.83,46.04,lentil
43.11,63.8,16.59,29.88,65.65,7.98,66.7,blackgram
99.61,83.88,35.25,26.19,79.23,6.45,95.96,banana
25.68,63.3,14.4,22.12,19.89,5.86,76.35,kidneybeans
15.26,17.47,43.01,26.8,89.53,5.98,109.91,pomegranate
75.58,41.14,37.88,24.65,81.01,6.98,167.84,jute
33.99,59.72,53.44,30.78,90.83,6.33,174.4,papaya
22.84,67.69,23.54,22.82,64.58,6.53,45.74,lentil
14.49,20.94,31.96,28.58,95.98,6.05,201.99,coconut
20.71,63.67,19.19,23.45,24.95,5.44,118.35,kidneybeans
16.92,58.43,18.63,20.46,23.09,5.59,99.71,kidneybeans
25.7,45.68,16.7,31.04,52.63,6.93,61.08,mothbeans
42.17,60.66,53.1,36.64,93.65,6.6,156.89,papaya
35.07,75.97,80.0,18.89,16.14,7.36,86.7,chickpea
95.51,21.07,50.06,24.51,86.88,6.38,44.68,watermelon
26.6,29.87,27.86,34.15,49.15,5.31,93.67,mango
13.76,23.64,29.52,28.66,51.39,5.71,94.76,mango
85.77,46.45,20.08,22.92,57.03,6.13,76.62,maize
86.32,84.58,44.54,26.6,81.9,5.71,117.44,banana
62.75,43.06,34.94,24.23,79.58,5.84,272.84,rice
14.24,30.97,17.57,30.11,55.78,6.67,51.02,mothbeans
22.48,130.05,197.21,21.12,85.83,6.35,105.7,apple
22.01,75.32,24.35,19.38,18.28,5.62,109.8,kidneybeans
21.01,65.59,19.06,24.87,61.75,6.98,53.35,lentil
35.98,78.14,78.75,19.33,17.32,7.25,86.59,chickpea
20.79,69.68,25.1,22.24,22.08,5.89,90.41,kidneybeans
100.65,53.92,19.96,23.54,81.09,6.99,86.54,cotton
28.86,62.57,25.45,29.64,51.42,5.92,144.53,pigeonpeas
49.59,71.49,78.52,19.95,16.13,7.77,83.06,chickpea
39.2,59.2,85.54,18.72,12.45,7.64,75.82,chickpea
93.59,14.41,45.68,29.12,91.85,6.06,26.13,muskmelon
19.1,130.72,201.41,23.34,82.98,6.53,67.57,grapes
22.23,70.79,20.58,23.44,66.6,6.8,48.48,lentil
17.02,145.0,196.44,24.14,93.99,5.99,108.01,apple
20.61,53.75,20.53,28.81,82.23,6.77,54.61,mungbean
24.45,64.79,16.61,26.57,55.64,5.53,156.67,pigeonpeas
53.39,72.1,82.5,16.2,15.71,6.98,75.13,chickpea
133.48,53.12,18.68,24.31,75.85,7.1,82.6,cotton
23.78,72.42,76.73,16.15,17.82,7.85,79.0,chickpea
10.05,73.08,20.65,28.97,71.66,4.76,183.99,pigeonpeas
21.69,120.62,205.0,23.62,81.42,6.27,71.29,grapes
12.93,137.18,194.32,22.18,91.56,5.98,108.83,apple
23.95,66.97,19.04,20.4,19.51,6.12,81.79,kidneybeans
41.5,65.21,19.57,32.93,66.63,6.99,64.8,blackgram
45.37,56.08,16.49,26.29,64.0,7.09,68.48,blackgram
21.23,76.55,17.46,29.06,49.3,5.93,174.95,pigeonpeas
93.72,28.4,29.06,25.7,55.91,6.42,157.36,coffee
15.16,76.9,16.46,20.46,66.32,6.57,47.31,lentil
122.62,44.09,16.61,24.53,80.4,7.74,75.4,cotton
22.13,19.14,12.21,22.42,93.48,6.85,104.04,orange
9.26,20.18,42.17,25.93,90.5,6.65,106.33,pomegranate
18.79,14.41,12.85,26.31,92.42,6.49,101.92,orange
16.59,124.06,204.03,23.08,93.1,5.79,110.74,apple
20.89,55.38,21.81,26.5,65.63,6.96,61.4,mothbeans
106.42,27.59,31.59,23.74,59.19,7.04,102.4,coffee
17.37,86.47,20.31,23.53,55.98,7.46,38.97,lentil
89.13,48.99,26.96,23.38,65.97,6.11,86.4,maize
78.05,38.66,18.2,23.2,58.83,6.33,84.56,maize
10.99,13.54,45.44,21.25,88.42,6.02,104.17,pomegranate
109.76,19.21,47.93,26.23,91.31,6.34,23.76,muskmelon
81.75,47.82,22.45,25.88,67.43,6.2,69.06,maize
21.9,50.14,17.96,26.01,87.01,6.08,46.5,mungbean
91.34,42.15,40.4,23.73,78.5,6.69,163.06,jute
83.13,40.63,18.13,27.19,64.44,6.27,95.24,maize
15.32,73.07,20.75,24.1,61.13,6.94,37.88,lentil
39.36,70.58,72.15,17.21,14.41,7.36,93.96,chickpea
15.98,42.54,18.63,26.45,82.58,6.91,40.56,mungbean
18.54,16.42,34.22,28.14,92.64,5.7,164.91,coconut
21.08,20.03,40.39,27.57,92.18,5.82,186.96,coconut
118.69,61.03,19.51,23.51,82.4,6.76,81.08,cotton
20.85,75.9,18.52,16.35,23.15,5.57,88.06,kidneybeans
38.64,69.94,84.57,17.7,19.79,7.19,79.93,chickpea
25.64,48.52,17.76,30.18,52.11,7.12,47.38,mothbeans
97.62,21.12,39.32,25.23,63.05,6.43,176.03,coffee
49.53,58.8,15.82,27.71,64.83,7.23,72.24,blackgram
98.85,47.42,19.05,26.92,82.58,6.65,83.38,cotton
64.48,58.11,19.75,25.19,66.57,6.34,91.64,maize
15.83,52.58,15.37,26.93,56.18,6.42,49.31,mothbeans
15.23,73.58,13.78,26.11,60.4,7.4,46.51,lentil
20.03,62.88,22.1,20.94,22.83,5.59,73.6,kidneybeans
90.07,68.05,50.63,27.82,84.87,5.62,113.84,banana
109.67,15.06,51.65,24.99,85.75,6.77,44.66,watermelon
26.03,137.65,200.73,25.37,79.9,5.91,70.37,grapes
19.5,59.25,18.6,24.58,65.87,6.45,51.68,lentil
49.17,66.93,16.17,25.73,59.21,6.69,76.07,blackgram
84.04,60.2,40.87,24.12,82.08,5.63,235.54,rice
11.44,24.11,38.18,20.58,85.69,6.92,99.76,pomegranate
27.29,27.86,30.04,35.29,45.19,5.29,85.0,mango
13.2,15.7,31.37,26.16,95.97,5.92,196.58,coconut
119.58,42.34,20.38,23.3,82.44,7.03,77.88,cotton
11.55,45.17,14.07,29.7,42.87,6.82,34.58,mothbeans
18.07,52.29,20.53,27.02,85.48,6.94,47.27,mungbean
21.25,61.15,15.26,20.0,55.91,6.69,44.2,lentil
25.69,116.96,199.22,20.33,81.39,6.29,70.82,grapes
21.44,61.53,17.86,30.67,56.72,5.68,150.42,pigeonpeas
89.21,83.01,47.99,29.17,84.33,6.26,107.05,banana
78.37,45.44,20.55,19.03,61.31,6.56,76.92,maize
129.63,97.87,50.05,27.98,84.48,5.96,99.35,banana
91.96,17.0,52.85,29.26,90.89,6.23,26.67,muskmelon
27.62,145.0,196.53,23.5,81.22,5.41,68.36,grapes
13.09,68.49,21.99,20.26,68.08,7.23,50.47,lentil
96.3,15.28,53.69,26.21,84.64,6.92,49.74,watermelon
95.69,87.6,42.5,29.17,83.56,6.03,102.78,banana
9.56,125.2,197.0,22.59,92.01,5.86,115.56,apple
16.94,29.6,31.16,29.18,55.17,5.92,99.08,mango
21.69,53.35,20.01,29.44,61.39,7.03,53.69,mothbeans
101.61,83.89,46.24,26.82,79.78,6.48,87.95,banana
19.0,10.23,10.97,19.48,92.4,6.78,102.96,orange
20.27,15.74,9.77,22.47,91.97,7.35,114.76,orange
20.15,133.13,196.02,24.01,92.45,5.85,107.47,apple
79.66,42.61,39.57,25.59,82.78,6.8,169.1,jute
18.17,27.93,26.89,32.29,47.53,5.74,99.97,mango
74.4,52.23,43.05,23.56,82.65,6.91,221.41,rice
15.1,137.54,198.67,25.47,86.56,5.36,66.8,grapes
38.99,63.22,70.1,20.02,14.65,7.4,96.69,chickpea
53.34,63.68,48.18,35.46,91.84,6.84,145.99,papaya
94.55,33.43,25.09,22.93,64.81,6.04,89.59,maize
105.53,15.74,46.02,27.62,91.39,6.33,31.2,muskmelon
54.4,63.42,50.31,36.81,97.59,7.04,132.15,papaya
76.16,45.53,48.84,26.11,88.28,6.55,173.53,jute
62.93,41.54,15.94,19.96,69.41,5.92,116.39,maize
14.11,127.11,195.65,21.51,91.34,5.97,118.76,apple
27.63,65.58,12.19,26.8,47.71,5.29,139.2,pigeonpeas
116.3,27.71,28.58,25.41,61.44,6.9,205.76,coffee
11.35,130.83,202.14,23.29,95.01,6.26,110.7,apple
19.3,9.17,31.43,27.34,97.49,6.11,149.08,coconut
16.52,62.42,19.52,25.59,63.22,7.12,47.23,lentil
19.02,31.77,30.45,32.98,53.81,5.96,88.88,mango
86.69,14.37,56.95,28.66,91.81,6.16,26.04,muskmelon
90.36,52.09,42.13,25.82,77.45,7.26,175.45,jute
137.99,59.09,17.84,20.3,73.51,7.43,80.02,cotton
19.82,19.22,10.59,24.56,88.86,7.15,105.36,orange
17.65,19.78,39.12,18.71,94.09,6.43,116.09,pomegranate
43.39,78.95,18.54,30.04,65.87,7.82,55.2,blackgram
73.49,43.59,37.04,21.87,82.45,6.07,242.96,rice
25.9,44.24,20.14,28.3,50.69,5.98,53.78,mothbeans
80.32,15.58,52.08,29.37,90.94,6.34,22.91,muskmelon
92.6,17.55,59.81,24.56,91.32,7.1,50.31,watermelon
13.74,71.36,16.78,23.98,60.68,7.23,41.52,lentil
21.59,70.5,20.39,27.51,40.93,6.53,185.64,pigeonpeas
26.8,131.94,198.56,25.11,80.05,5.9,70.09,grapes
24.4,41.54,24.13,28.83,56.64,7.68,42.31,mothbeans
16.92,19.44,44.82,20.58,87.58,6.48,96.74,pomegranate
60.43,47.77,43.35,22.47,81.17,7.1,203.12,jute
95.07,18.18,46.5,24.15,88.93,6.72,51.13,watermelon
92.31,26.63,29.24,26.8,57.27,6.55,151.77,coffee
56.44,49.63,43.85,25.57,77.36,6.36,182.22,jute
16.63,136.89,197.18,21.55,92.15,6.0,102.65,apple
67.01,57.01,47.12,24.55,78.3,6.88,183.06,jute
25.79,12.45,11.64,27.84,92.2,6.67,111.36,orange
20.82,19.87,27.5,29.5,47.41,5.88,93.74,mango
20.74,81.67,20.02,19.72,20.71,5.66,126.49,kidneybeans
96.42,14.92,49.93,23.91,84.97,6.95,47.74,watermelon
19.2,81.03,24.88,33.25,47.15,5.95,119.17,pigeonpeas
105.73,44.0,10.35,24.62,77.87,7.34,83.52,cotton
14.41,15.82,7.83,17.02,93.65,7.23,113.77,orange
116.05,16.2,55.49,25.81,82.13,7.05,55.75,watermelon
105.35,16.6,48.54,30.96,94.18,6.25,26.41,muskmelon
120.58,54.09,17.89,24.62,79.59,7.07,75.16,cotton
24.56,78.56,16.95,18.48,18.46,5.65,112.9,kidneybeans
33.91,67.49,82.14,19.94,17.15,7.15,73.48,chickpea
36.94,68.55,21.51,34.66,68.41,7.45,64.76,blackgram
7.47,77.51,21.68,20.14,62.37,7.53,52.94,lentil
77.62,48.18,31.26,24.27,83.12,6.57,163.74,jute
15.67,22.21,41.19,21.78,92.3,6.54,116.18,pomegranate
109.4,19.62,51.53,27.81,91.9,6.38,26.35,muskmelon
21.33,17.29,29.17,27.14,91.63,6.11,187.36,coconut
109.32,75.28,55.49,27.61,78.38,6.2,111.75,banana
94.63,23.1,58.19,30.8,91.91,6.04,20.0,muskmelon
107.66,89.59,48.78,25.55,84.22,5.97,118.44,banana
64.74,37.75,20.67,25.02,71.94,6.06,97.74,maize
24.8,68.52,22.48,31.11,67.19,6.92,49.31,lentil
23.14,130.58,202.45,20.26,81.83,6.12,69.73,grapes
110.66,25.95,29.3,23.72,58.06,7.01,160.52,coffee
36.95,66.8,71.15,17.86,15.98,7.09,81.32,chickpea
26.73,50.49,13.37,27.71,83.81,6.84,32.65,mungbean
9.97,66.39,19.81,24.37,64.22,6.92,50.81,lentil
32.26,66.5,22.49,25.52,71.24,7.44,65.04,blackgram
106.02,75.21,51.22,26.3,77.71,5.81,101.6,banana
102.33,51.14,40.65,24.63,78.73,7.05,167.44,jute
24.56,22.75,28.03,33.69,47.53,5.68,104.16,mango
18.41,43.31,19.22,31.4,57.21,7.32,39.87,mothbeans
21.9,44.66,19.61,31.54,48.49,7.77,48.62,mothbeans
105.1,19.98,55.08,28.02,85.93,6.58,43.18,watermelon
33.08,69.37,16.73,28.86,70.4,7.35,68.75,blackgram
27.27,14.87,11.57,25.33,91.63,7.53,90.14,orange
107.6,15.6,47.01,26.82,81.33,6.41,52.44,watermelon
14.73,142.98,194.04,19.87,96.04,5.48,113.99,apple
18.75,124.41,187.51,21.04,94.53,5.78,111.51,apple
89.91,29.95,31.9,22.27,54.41,7.07,173.87,coffee
31.61,75.92,19.74,31.58,64.69,6.85,72.31,blackgram
83.3,19.26,45.87,25.19,89.6,6.08,43.14,watermelon
100.93,44.41,21.45,24.65,78.64,6.98,81.26,cotton
85.53,53.31,20.84,22.66,64.95,5.97,81.43,maize
37.12,85.28,19.08,27.09,64.56,7.26,77.84,blackgram
20.31,134.86,199.68,24.08,80.53,5.85,70.75,grapes
35.25,64.54,70.53,19.22,16.8,6.97,85.37,chickpea
22.82,144.8,196.71,22.02,83.1,5.83,70.21,grapes
28.61,17.18,30.51,25.23,94.18,5.93,160.78,coconut
104.52,91.5,46.14,26.78,78.23,6.09,101.73,banana
16.4,41.51,23.14,29.91,86.96,7.02,43.12,mungbean
31.75,43.7,18.75,28.07,55.18,6.96,61.47,mothbeans
121.76,40.73,20.38,22.78,78.97,7.31,87.67,cotton
21.59,80.17,19.35,18.4,19.97,5.48,94.13,kidneybeans
123.86,46.51,20.11,20.51,78.68,6.63,75.13,cotton
100.83,13.77,51.55,25.05,88.34,6.73,48.32,watermelon
21.18,17.0,33.37,27.23,94.83,5.82,183.45,coconut
26.83,138.05,205.0,21.43,83.63,5.91,74.36,grapes
16.28,141.67,202.07,22.12,95.5,6.37,119.23,apple
46.19,56.55,47.99,36.76,91.88,6.34,141.63,papaya
85.88,48.97,36.89,23.18,80.82,6.16,257.44,rice
112.35,16.51,54.98,25.02,86.01,6.56,50.57,watermelon
97.64,30.15,30.06,26.87,52.83,7.3,167.55,coffee
19.1,134.97,200.91,22.59,95.71,5.6,112.25,apple
33.38,145.0,199.34,22.07,83.64,5.9,64.97,grapes
17.32,28.92,32.31,36.68,53.54,5.78,89.36,mango
10.75,14.74,28.22,28.81,94.78,6.34,151.85,coconut
27.97,81.07,15.91,28.46,63.2,6.95,45.38,lentil
19.44,46.94,21.38,28.94,79.51,6.36,53.98,mungbean
109.8,14.93,50.5,28.2,92.03,6.15,23.46,muskmelon
25.17,20.29,29.5,30.38,93.62,6.07,180.11,coconut
23.95,13.37,7.5,21.95,95.34,7.26,115.43,orange
111.07,17.65,48.76,29.28,92.85,6.61,28.57,muskmelon
21.32,21.43,10.21,24.59,90.25,7.31,106.82,orange
14.42,66.81,18.32,20.38,60.42,6.34,141.97,pigeonpeas
28.93,123.31,205.0,22.21,92.37,5.57,107.3,apple
40.59,69.46,78.04,19.3,16.11,7.55,77.14,chickpea
41.67,66.04,18.26,31.62,67.31,7.02,74.29,blackgram
105.69,34.93,33.2,23.99,61.43,6.6,167.17,coffee
31.8,76.21,15.95,17.46,22.8,5.81,114.13,kidneybeans
22.26,13.08,26.15,24.08,96.44,6.25,190.88,coconut
41.17,64.17,81.69,18.46,17.14,7.83,72.05,chickpea
22.96,43.66,19.41,27.3,49.25,6.8,49.48,mothbeans
17.52,46.9,17.03,28.13,49.14,6.13,53.27,mothbeans
24.88,136.63,193.77,22.65,80.38,5.85,73.37,grapes
44.52,70.05,86.45,19.91,16.52,6.81,78.43,chickpea
14.09,13.92,12.42,20.36,92.56,7.09,119.59,orange
18.18,66.87,20.72,22.29,65.33,6.75,39.1,lentil
42.99,55.65,18.69,28.27,68.41,7.42,55.35,blackgram
108.45,78.51,46.63,26.68,80.27,6.4,89.13,banana
28.28,13.34,32.6,28.63,92.85,6.6,179.87,coconut
25.87,15.53,12.35,26.2,93.06,7.2,113.46,orange
69.32,46.0,40.6,24.63,84.43,5.95,197.85,rice
11.15,45.19,13.24,30.55,82.24,7.08,54.08,mungbean
13.63,18.35,31.04,25.82,92.96,5.99,182.0,coconut
22.03,128.89,199.35,24.68,77.2,5.53,67.05,grapes
12.41,32.22,21.17,28.01,50.63,6.95,50.72,mothbeans
24.22,20.35,30.3,29.92,99.6,6.16,157.83,coconut
14.97,65.98,19.07,24.95,22.68,5.42,97.43,kidneybeans
28.16,16.53,29.0,26.88,96.52,6.11,180.94,coconut
27.97,52.07,17.56,28.1,52.4,7.0,62.81,mothbeans
100.9,78.85,42.36,28.11,86.32,6.14,109.47,banana
12.76,16.75,12.73,23.64,93.82,7.44,119.16,orange
114.34,18.83,47.13,24.48,87.22,6.43,41.17,watermelon
106.65,32.25,30.53,24.75,57.5,6.81,162.59,coffee
45.06,70.25,20.56,26.74,65.3,7.24,72.17,blackgram
109.52,20.25,44.84,28.04,93.95,6.41,21.48,muskmelon
99.73,28.78,25.35,26.7,59.62,7.1,158.1,coffee
112.28,17.74,48.41,29.85,92.54,6.25,28.16,muskmelon
15.56,139.7,198.16,23.98,94.72,5.71,118.25,apple
92.27,69.42,45.79,28.89,81.16,5.96,100.53,banana
92.8,44.34,18.74,21.7,59.82,5.92,72.75,maize
101.48,18.87,50.65,30.03,92.99,6.39,27.83,muskmelon
40.5,62.4,24.44,31.98,62.14,6.7,65.49,blackgram
14.89,129.22,190.95,24.11,94.84,5.8,110.61,apple
43.03,69.54,17.68,28.87,60.3,7.64,67.88,blackgram
20.75,50.18,20.02,24.03,54.0,8.13,48.32,mothbeans
103.08,15.63,54.49,24.27,86.17,6.04,51.82,watermelon
91.42,103.78,53.38,29.05,81.88,5.52,107.76,banana
96.9,17.62,44.81,27.82,88.77,6.44,48.78,watermelon
23.02,61.82,15.56,30.72,58.93,6.22,59.26,mothbeans
69.92,33.9,38.24,23.64,87.33,6.53,230.72,rice
31.53,14.93,26.17,24.79,96.95,5.9,171.13,coconut
18.51,29.6,27.28,31.55,51.3,5.21,98.35,mango
28.24,132.69,195.68,28.57,80.02,5.35,71.43,grapes
22.32,13.06,41.52,20.17,89.19,6.55,110.63,pomegranate
15.3,61.23,21.79,18.2,22.76,5.43,118.62,kidneybeans
21.6,121.6,196.58,23.77,82.05,6.58,69.93,grapes
65.08,41.94,47.51,24.12,86.32,6.33,159.0,jute
88.3,41.01,40.36,22.64,83.74,6.53,262.14,rice
110.81,43.43,21.72,25.63,79.51,6.87,84.11,cotton
23.79,46.53,24.12,27.77,88.37,6.69,44.75,mungbean
36.58,59.25,19.3,27.52,68.8,7.07,66.73,blackgram
21.0,81.47,29.33,21.31,21.14,5.81,119.21,kidneybeans
78.84,44.89,32.61,22.16,80.92,6.82,244.79,rice
24.39,136.34,197.84,24.5,79.58,6.39,67.06,grapes
14.89,129.9,198.99,20.85,95.24,5.5,122.12,apple
21.53,24.36,47.35,21.31,84.35,6.15,104.94,pomegranate
26.55,68.64,20.24,29.09,42.93,5.82,106.45,pigeonpeas
67.96,42.85,23.71,25.13,67.64,5.87,81.0,maize
92.95,42.07,17.03,17.02,62.64,5.8,104.5,maize
23.99,128.53,197.72,20.38,87.72,5.57,101.71,apple
21.25,77.0,20.94,26.18,50.84,5.57,135.61,pigeonpeas
20.68,17.25,33.99,28.37,96.2,6.22,172.93,coconut
23.03,77.12,21.57,27.46,61.73,6.24,160.97,pigeonpeas
51.09,56.61,52.82,34.52,92.61,7.01,155.85,papaya
54.15,60.57,44.33,32.54,91.27,6.61,116.52,papaya
45.63,54.14,76.19,17.75,14.92,7.63,78.55,chickpea
27.34,13.91,10.2,20.54,93.89,6.78,109.82,orange
94.96,51.58,39.72,24.16,78.92,7.38,239.43,rice
15.61,16.94,11.38,23.23,95.41,7.18,116.9,orange
16.76,50.13,18.89,23.68,66.36,6.84,44.1,lentil
25.25,25.68,28.79,34.03,55.79,6.06,90.77,mango
115.05,79.96,48.17,28.11,77.21,6.31,96.15,banana
125.69,59.81,49.28,29.99,80.77,6.23,105.4,banana
69.7,30.72,38.73,26.25,77.46,7.34,170.95,jute
17.56,131.93,198.32,18.57,80.17,5.94,69.14,grapes
58.89,58.08,46.18,28.31,90.06,6.87,136.19,papaya
23.49,141.75,200.88,25.1,91.94,6.09,118.33,apple
30.82,128.94,205.0,26.48,81.51,5.46,69.52,grapes
94.48,15.12,43.13,25.62,85.04,6.7,51.14,watermelon
134.71,46.32,14.51,24.56,77.71,7.25,85.97,cotton
25.69,79.67,22.94,20.27,19.58,5.53,113.74,kidneybeans
109.7,22.95,54.02,28.21,82.43,6.25,44.86,watermelon
16.38,76.66,23.13,29.16,47.32,6.09,135.36,pigeonpeas
13.89,63.86,20.48,21.51,58.83,6.05,49.3,lentil
93.46,15.58,49.06,26.82,92.47,6.65,25.11,muskmelon
103.97,79.47,51.26,28.06,82.9,6.38,105.22,banana
16.41,56.28,19.07,24.59,65.44,7.44,44.52,lentil
18.25,143.02,200.79,21.81,93.91,5.65,113.37,apple
19.47,73.28,18.69,16.89,25.97,5.98,86.52,kidneybeans
18.33,24.83,30.98,29.74,51.6,5.27,93.27,mango
93.28,45.35,19.39,20.95,61.14,6.01,70.11,maize
25.1,11.53,8.05,23.49,90.75,8.35,114.11,orange
26.75,26.72,25.98,29.99,44.99,5.35,97.03,mango
24.52,14.26,26.26,27.29,92.99,6.24,190.36,coconut
88.7,56.49,42.07,27.35,79.98,5.9,191.73,rice
13.44,17.09,7.09,24.61,93.46,6.34,121.35,orange
101.63,23.36,26.51,25.53,57.28,6.41,127.61,coffee
128.24,56.46,23.23,24.69,82.51,6.55,86.61,cotton
22.89,69.0,21.28,28.26,55.77,5.32,135.96,pigeonpeas
39.64,63.29,17.3,28.2,62.94,7.33,66.47,blackgram
92.37,20.45,54.85,27.41,91.32,6.29,32.6,muskmelon
25.18,57.36,17.48,30.12,78.99,6.34,42.65,mungbean
84.73,30.42,27.49,23.31,55.56,6.96,180.76,coffee
101.9,41.34,35.8,22.4,75.93,6.19,217.22,rice
101.5,19.05,50.94,29.15,93.17,6.05,26.61,muskmelon
39.14,72.21,46.14,33.13,93.02,6.64,136.8,papaya
53.27,54.54,46.71,37.01,92.34,6.76,136.47,papaya
14.14,37.8,21.14,28.18,86.64,6.91,49.99,mungbean
25.5,131.38,201.28,23.11,83.57,5.54,68.15,grapes
28.25,28.68,28.23,28.07,51.59,5.75,104.14,mango
24.41,50.41,21.39,28.5,86.74,7.18,46.69,mungbean
41.81,73.13,86.13,18.75,16.39,6.95,73.48,chickpea
79.08,49.9,16.17,19.7,69.41,6.19,92.98,maize
25.24,35.1,31.13,30.73,53.81,6.38,91.82,mango
15.24,10.36,45.56,20.43,93.01,6.72,99.78,pomegranate
21.89,14.51,37.98,27.15,97.39,5.53,166.16,coconut
21.35,17.44,29.45,30.69,45.42,5.43,99.56,mango
68.65,63.02,16.44,23.17,67.74,6.32,82.58,maize
19.16,17.75,31.47,28.45,95.72,6.0,164.25,coconut
21.04,49.85,16.71,26.44,62.19,6.36,64.45,mothbeans
100.48,87.0,50.77,29.36,80.18,5.94,109.34,banana
26.73,19.06,24.05,29.38,94.99,6.12,160.13,coconut
70.09,43.04,40.5,22.59,77.65,6.43,209.64,rice
17.66,64.0,16.83,30.76,46.55,5.98,138.09,pigeonpeas
83.24,27.34,29.23,25.37,59.04,6.84,114.62,coffee
46.42,66.79,75.59,18.66,15.31,7.03,78.94,chickpea
23.54,19.52,29.6,31.42,93.59,6.52,174.6,coconut
21.99,59.01,21.0,27.31,36.65,5.37,141.23,pigeonpeas
46.03,54.47,52.61,29.95,95.17,6.85,143.01,papaya
106.21,17.23,53.15,29.08,91.45,6.38,24.26,muskmelon
17.4,41.08,21.9,27.31,82.65,6.27,45.5,mungbean
77.63,43.6,40.41,28.23,76.7,6.67,195.88,rice
110.09,30.11,31.7,27.79,58.3,6.47,181.52,coffee
32.7,59.65,21.33,29.94,64.55,6.97,65.97,blackgram
24.94,18.35,41.4,23.47,88.52,6.66,91.25,pomegranate
28.08,129.5,198.97,25.86,95.19,5.4,115.41,apple
95.47,12.24,49.37,26.35,90.62,6.14,48.67,watermelon
46.14,71.74,83.89,18.07,15.16,7.3,78.74,chickpea
93.12,10.84,51.64,25.69,86.87,6.43,48.65,watermelon
108.21,81.77,55.46,28.39,77.93,5.69,111.14,banana
99.07,27.67,31.73,24.91,66.17,6.86,152.34,coffee
96.73,28.61,29.31,28.12,54.4,6.61,123.61,coffee
24.78,60.63,18.61,21.02,23.56,5.65,96.94,kidneybeans
29.28,49.35,18.96,24.98,51.89,6.6,58.88,mothbeans
81.32,18.85,51.59,24.39,80.61,6.96,57.87,watermelon
37.65,60.38,16.12,29.15,67.68,7.38,64.82,blackgram
89.0,74.02,52.75,26.73,77.84,5.81,110.19,banana
110.9,40.37,21.0,25.54,82.62,7.2,79.33,cotton
16.3,73.73,23.11,16.41,19.28,5.4,96.15,kidneybeans
66.77,46.2,14.99,23.4,67.79,6.06,103.69,maize
94.83,13.95,48.38,28.31,92.84,6.45,22.22,muskmelon
24.17,16.36,12.59,23.47,89.23,7.58,103.87,orange
19.99,25.47,31.7,22.63,95.44,6.48,117.4,pomegranate
81.3,55.21,20.72,21.75,64.41,6.18,84.35,maize
116.43,20.54,53.84,29.04,90.07,6.39,27.61,muskmelon
27.91,133.95,198.24,30.24,81.67,6.35,68.0,grapes
49.83,64.72,52.8,34.13,90.32,6.41,144.73,papaya
100.89,14.02,48.82,30.27,92.94,6.4,30.39,muskmelon
15.01,14.7,10.06,21.75,94.01,7.09,116.85,orange
109.46,16.61,49.23,28.44,90.74,6.31,23.89,muskmelon
82.95,46.14,37.06,25.88,82.54,6.04,165.01,jute
20.7,137.85,205.0,21.54,77.74,5.4,69.0,grapes
84.15,53.55,44.75,24.28,76.29,6.68,161.71,jute
45.1,48.28,38.7,23.42,80.71,7.05,167.66,jute
97.6,32.28,30.17,25.31,57.0,6.85,176.04,coffee
115.1,42.44,20.25,24.02,79.73,7.07,76.96,cotton
24.7,18.03,41.07,24.38,89.77,6.0,120.36,pomegranate
110.78,53.24,16.45,22.14,79.65,6.59,73.32,cotton
19.08,67.2,15.41,21.13,23.03,5.69,122.77,kidneybeans
25.91,15.63,9.05,20.81,91.72,6.83,114.38,orange
104.88,23.4,29.38,24.19,60.33,6.9,166.76,coffee
25.73,75.07,16.06,21.34,24.92,5.78,122.26,kidneybeans
14.3,128.24,196.17,23.56,80.31,6.22,68.45,grapes
23.03,139.75,205.0,19.6,81.64,5.65,75.97,grapes
42.94,72.08,85.55,19.51,16.32,7.57,95.3,chickpea
18.2,24.68,34.91,29.25,52.77,5.58,91.94,mango
20.39,15.81,39.08,18.99,89.83,6.73,111.61,pomegranate
66.01,54.52,54.02,32.33,90.33,6.72,155.58,papaya
11.15,78.23,15.73,19.57,20.53,5.82,81.93,kidneybeans
106.71,24.86,24.91,26.5,65.88,6.5,180.1,coffee
22.29,20.1,43.5,21.47,93.1,6.4,107.85,pomegranate
18.63,57.66,17.24,29.66,86.57,7.08,44.4,mungbean
45.3,50.97,47.41,32.54,87.76,6.66,161.09,papaya
24.95,64.3,19.87,20.22,23.72,5.25,96.8,kidneybeans
20.25,52.61,18.18,28.93,54.76,5.67,67.32,mothbeans
24.12,20.56,29.74,25.32,96.91,6.43,191.87,coconut
19.62,56.64,25.07,24.09,67.59,6.57,47.24,lentil
13.41,15.2,42.4,20.33,89.35,5.91,108.62,pomegranate
19.79,25.41,31.97,30.21,55.78,6.39,89.35,mango
11.81,70.32,16.26,28.78,66.9,6.74,41.97,lentil
31.9,79.88,20.16,27.09,63.33,7.13,78.03,blackgram
112.66,88.11,56.91,26.7,76.54,5.85,106.27,banana
91.43,17.37,52.66,27.04,80.73,6.43,53.03,watermelon
120.33,70.32,54.77,28.41,75.25,6.81,104.09,banana
103.88,21.6,51.88,27.82,86.82,6.82,49.18,watermelon
20.27,17.83,8.41,21.42,92.9,7.14,114.05,orange
72.11,55.31,22.05,27.02,67.54,6.09,91.89,maize
16.16,74.89,19.78,23.31,59.58,6.54,37.49,lentil
86.36,89.74,51.6,28.98,81.37,6.04,90.79,banana
23.44,64.79,19.86,20.15,16.8,5.7,95.55,kidneybeans
54.61,60.87,47.41,31.5,89.62,6.53,181.84,papaya
9.3,52.0,19.83,30.3,82.21,5.75,50.07,mungbean
25.97,15.98,30.25,28.01,91.28,6.17,149.47,coconut
122.93,41.97,20.21,22.24,84.35,6.27,90.26,cotton
16.27,18.41,44.24,28.86,86.99,6.53,103.25,pomegranate
42.97,54.15,50.19,33.97,95.59,6.78,88.45,papaya
84.86,50.98,17.1,22.28,65.19,5.85,102.84,maize
135.08,48.31,17.62,25.34,81.5,6.91,82.53,cotton
23.07,145.0,201.94,21.55,89.06,5.57,113.21,apple
28.99,131.13,196.33,26.67,84.86,5.65,64.78,grapes
104.44,22.74,33.38,26.99,60.83,7.21,166.24,coffee
85.71,31.88,30.19,26.91,56.36,6.99,173.29,coffee
99.64,14.75,49.0,25.6,81.07,6.36,52.74,watermelon
57.47,55.85,41.95,25.81,75.83,6.92,178.93,jute
40.69,70.23,12.54,27.5,68.65,7.19,66.92,blackgram
16.43,21.41,28.6,33.91,50.11,6.05,104.69,mango
120.0,35.46,17.34,23.37,80.42,6.74,72.1,cotton
83.61,57.77,39.82,26.73,74.44,6.73,238.38,rice
25.02,13.98,8.11,21.88,90.26,7.23,102.37,orange
27.61,132.88,203.47,22.49,84.58,6.09,66.88,grapes
35.34,68.05,17.28,31.22,69.21,7.28,77.51,blackgram
17.57,48.49,18.08,27.89,83.44,6.27,49.28,mungbean
82.35,20.16,42.83,25.9,87.86,6.06,46.18,watermelon
89.78,49.34,20.14,19.0,68.19,6.39,110.76,maize
8.71,66.94,22.58,22.27,63.25,6.83,31.2,lentil
21.62,76.15,16.79,21.46,24.58,5.34,110.69,kidneybeans
28.94,135.23,193.51,16.24,82.27,5.94,65.69,grapes
80.05,45.36,32.92,22.76,81.27,6.08,232.17,rice
18.03,19.78,9.67,19.89,96.55,6.27,105.33,orange
37.28,72.57,84.78,19.03,19.76,6.84,78.55,chickpea
21.76,144.62,205.0,20.46,78.98,6.38,65.06,grapes
102.24,17.71,50.81,27.32,91.24,6.4,24.12,muskmelon
16.48,139.74,198.88,22.02,90.67,5.67,114.94,apple
13.42,61.97,23.53,27.05,63.35,7.24,47.41,lentil
19.1,50.37,22.08,29.67,48.27,6.63,60.76,mothbeans
18.29,49.67,18.47,26.51,50.28,6.51,54.08,mothbeans
75.41,47.81,17.2,21.29,61.66,6.15,105.34,maize
38.41,50.97,83.18,17.04,16.92,7.41,90.99,chickpea
19.83,17.42,37.2,22.48,88.74,6.95,99.88,pomegranate
98.13,15.35,44.52,24.57,85.79,6.6,51.54,watermelon
14.2,16.94,11.14,20.49,95.24,6.87,121.21,orange
13.14,57.65,22.48,30.38,50.89,6.71,39.73,mothbeans
84.28,48.36,22.2,22.2,65.51,5.6,95.8,maize
25.48,73.83,24.42,26.19,46.72,4.98,141.65,pigeonpeas
12.77,14.78,35.47,23.79,88.35,6.44,105.22,pomegranate
29.68,72.64,19.27,25.13,55.48,5.32,182.07,pigeonpeas
24.67,133.81,205.0,26.71,78.66,5.64,71.92,grapes
20.79,41.42,15.57,26.72,59.16,7.37,53.14,mothbeans
24.92,79.3,21.69,18.34,26.57,5.59,100.87,kidneybeans
23.5,64.89,19.69,28.99,49.51,6.91,54.88,mothbeans
75.27,47.46,46.44,23.34,80.31,6.83,182.6,jute
17.06,136.53,201.35,22.34,93.57,5.59,116.97,apple
119.43,48.37,15.93,20.58,77.34,7.48,83.07,cotton
20.15,61.05,19.46,20.84,57.72,7.05,43.78,lentil
90.75,33.35,29.46,25.56,52.88,7.11,169.39,coffee
105.73,69.82,53.19,26.57,80.44,5.97,94.43,banana
30.1,145.0,200.74,25.33,82.4,6.16,69.12,grapes
12.82,45.92,19.15,29.44,85.64,6.89,52.62,mungbean
52.85,68.26,53.07,38.87,90.41,6.76,145.7,papaya
66.98,46.03,25.39,24.0,62.92,6.37,101.59,maize
100.89,29.6,34.05,26.35,59.7,6.51,170.18,coffee
96.38,19.8,50.45,26.44,79.88,5.32,52.22,watermelon
5.74,66.39,15.11,30.71,52.76,6.03,179.92,pigeonpeas
42.3,75.37,13.97,30.72,63.99,7.13,70.55,blackgram
12.91,43.52,22.1,28.2,84.11,6.71,37.93,mungbean
36.5,47.49,79.33,21.03,18.65,7.69,89.99,chickpea
16.53,74.11,18.35,27.41,44.29,6.67,143.08,pigeonpeas
81.09,52.08,42.41,24.05,79.93,6.59,283.25,rice
90.87,28.21,28.43,27.4,56.81,6.79,167.22,coffee
101.42,27.33,32.58,23.6,60.46,6.55,148.9,coffee
78.87,44.87,20.58,25.08,61.09,6.24,76.4,maize
16.38,13.61,8.95,18.7,90.63,7.78,115.65,orange
100.93,15.51,46.45,29.44,93.99,6.52,29.25,muskmelon
23.0,133.6,205.0,24.06,93.13,5.92,117.3,apple
45.65,54.8,50.34,32.86,91.95,6.97,173.36,papaya
39.88,69.52,15.66,29.46,67.54,6.63,69.01,blackgram
90.47,22.2,51.74,25.73,84.45,6.59,52.2,watermelon
36.45,66.79,81.4,17.69,17.65,7.11,79.98,chickpea
5.95,15.82,9.08,19.61,91.09,6.77,110.16,orange
17.88,14.25,36.91,24.41,90.44,6.23,110.56,pomegranate
49.9,60.92,49.58,28.82,93.53,7.08,150.78,papaya
18.93,126.79,197.23,20.33,93.4,5.88,100.76,apple
16.56,77.32,22.09,19.21,20.4,5.76,112.85,kidneybeans
19.71,56.87,18.93,21.88,23.04,5.8,106.65,kidneybeans
105.11,21.17,52.08,25.72,82.24,6.66,61.58,watermelon
79.81,46.05,47.19,23.48,85.81,6.71,147.27,jute
19.81,26.32,30.57,28.33,49.52,6.1,98.55,mango
17.76,18.05,44.68,24.35,89.67,6.73,109.65,pomegranate
40.64,65.08,21.26,28.67,64.87,7.46,69.85,blackgram
107.95,48.84,22.32,24.28,77.4,7.08,77.18,cotton
21.67,77.31,21.95,17.09,24.23,5.5,100.14,kidneybeans
17.43,21.66,22.72,27.19,97.14,5.97,168.41,coconut
71.92,43.49,44.58,24.26,80.71,6.61,238.63,rice
19.03,68.79,19.96,26.8,68.88,6.66,42.62,lentil
82.52,49.57,24.09,22.71,63.48,6.24,91.32,maize
39.21,67.61,78.88,17.92,17.14,7.48,71.38,chickpea
92.59,22.0,50.87,29.39,89.3,6.64,28.6,muskmelon
22.17,18.05,8.48,24.67,94.45,6.96,124.51,orange
22.23,18.53,40.32,21.43,93.13,6.03,111.15,pomegranate
41.6,71.07,72.09,20.24,15.83,7.36,93.0,chickpea
25.49,61.69,20.92,24.28,69.83,7.06,44.53,lentil
70.24,60.61,19.88,18.82,65.71,6.0,94.89,maize
23.57,59.02,22.19,20.13,19.22,5.62,116.19,kidneybeans
28.62,18.85,31.52,28.32,94.0,5.98,159.46,coconut
75.53,19.2,56.18,28.74,90.24,6.3,30.01,muskmelon
105.27,17.02,52.37,24.63,89.87,6.8,44.08,watermelon
26.63,39.56,21.76,26.73,46.12,6.93,59.28,mothbeans
70.47,44.88,14.33,21.27,55.5,5.72,93.92,maize
82.6,55.57,22.5,23.55,64.92,5.7,89.96,maize
31.54,46.91,19.68,30.19,61.72,5.82,36.91,mothbeans
30.62,62.77,83.97,17.02,17.39,6.76,83.83,chickpea
46.28,65.15,15.18,31.39,64.28,7.11,77.45,blackgram
81.8,55.92,38.85,25.63,82.37,7.4,176.97,jute
58.15,52.36,52.8,30.37,92.71,6.84,129.41,papaya
15.66,72.26,16.55,21.43,22.76,5.35,95.74,kidneybeans
113.02,18.35,53.52,28.61,94.41,6.48,24.74,muskmelon
16.48,16.05,9.33,21.81,92.36,7.02,115.83,orange
44.85,61.56,17.93,28.99,57.92,7.0,72.2,blackgram
21.38,68.57,14.14,22.35,67.49,6.97,51.6,lentil
58.98,51.79,22.28,20.96,54.84,6.04,89.5,maize
12.97,42.09,20.6,28.04,50.3,6.51,56.77,mothbeans
20.26,18.64,37.58,17.7,91.03,6.84,103.95,pomegranate
7.53,42.21,24.89,27.04,47.33,6.68,67.74,mothbeans
95.57,14.23,51.28,25.82,86.37,6.19,42.79,watermelon
104.42,16.91,51.46,25.86,88.57,6.7,51.76,watermelon
16.34,44.8,20.93,29.02,82.81,6.55,54.85,mungbean
77.74,47.47,32.88,22.51,82.63,5.94,245.59,rice
86.78,19.76,49.05,28.08,92.23,6.41,27.38,muskmelon
23.93,66.19,17.38,29.9,52.43,5.34,176.61,pigeonpeas
67.79,48.46,30.2,20.94,82.89,6.7,240.48,rice
100.84,27.56,31.48,26.59,52.26,6.83,201.95,coffee
22.4,46.78,18.42,30.27,46.09,6.22,48.02,mothbeans
43.71,83.46,80.1,17.81,16.43,7.85,74.93,chickpea
133.71,82.73,53.15,24.73,84.91,6.23,100.73,banana
20.04,46.05,19.51,28.62,48.23,6.19,40.09,mothbeans
40.76,82.51,75.0,17.88,17.83,7.37,82.91,chickpea
14.64,72.89,23.75,23.71,63.83,7.49,48.23,lentil
97.78,17.99,53.2,26.33,84.2,6.6,53.2,watermelon
25.8,22.48,31.26,31.17,49.03,6.15,99.97,mango
91.75,47.05,42.12,26.92,77.42,6.6,175.04,jute
35.76,62.63,44.76,33.67,91.88,6.83,147.16,papaya
20.6,75.05,14.69,27.2,64.95,7.34,45.35,lentil
59.84,60.72,43.57,35.47,90.17,6.98,126.14,papaya
103.82,17.53,49.59,26.57,88.9,6.04,47.82,watermelon
37.21,66.15,93.22,16.65,17.31,7.49,88.79,chickpea
17.24,53.88,21.18,26.18,83.88,6.82,53.43,mungbean
102.84,19.79,51.67,27.36,93.6,6.49,21.49,muskmelon
17.43,70.92,25.41,19.72,23.4,5.44,91.55,kidneybeans
17.11,55.41,17.94,27.29,85.73,6.91,47.55,mungbean
52.36,67.36,49.12,32.28,93.57,6.34,137.86,papaya
11.6,69.59,14.26,27.53,39.89,6.79,167.73,pigeonpeas
16.75,48.51,20.04,29.16,51.86,5.7,47.74,mothbeans
104.07,26.27,29.12,27.16,63.17,6.46,130.54,coffee
22.92,51.6,20.58,28.01,87.27,6.9,50.24,mungbean
114.58,18.26,55.42,26.33,79.67,6.89,51.48,watermelon
25.75,127.57,205.0,21.49,84.76,6.06,70.61,grapes
40.52,58.42,65.39,19.55,18.61,6.35,72.02,chickpea
98.07,20.53,44.95,26.24,80.19,6.25,44.74,watermelon
20.8,27.42,26.02,32.59,52.41,6.07,100.38,mango
19.21,14.25,9.04,22.89,92.42,6.82,108.59,orange
18.31,19.65,9.79,20.22,93.56,6.88,114.84,orange
73.0,48.5,39.44,23.16,84.14,6.7,222.94,rice
77.55,41.72,35.55,21.97,82.07,6.54,243.12,rice
13.35,114.88,198.9,24.54,79.09,5.67,71.85,grapes
87.5,44.25,23.95,22.89,73.5,5.99,105.63,maize
26.26,45.31,17.92,24.26,53.72,8.03,53.42,mothbeans
24.18,70.52,17.9,22.12,63.43,6.5,45.94,lentil
119.35,44.74,12.66,23.94,80.71,6.7,71.16,cotton
74.9,45.11,35.11,22.71,83.43,6.7,213.15,rice
26.22,132.5,197.57,21.49,92.19,5.88,114.15,apple
15.37,21.03,9.57,19.79,91.48,6.48,120.54,orange
21.07,119.24,202.36,27.62,82.59,5.75,69.78,grapes
25.01,68.67,15.27,25.69,47.66,5.76,188.95,pigeonpeas
21.49,15.8,30.66,28.35,92.99,5.76,187.39,coconut
95.0,17.43,29.26,24.98,57.9,6.96,173.87,coffee
23.27,20.07,10.11,24.68,90.84,7.12,119.81,orange
16.54,10.29,9.12,19.39,92.66,6.74,118.28,orange
18.33,65.43,22.93,21.94,18.49,5.71,95.26,kidneybeans
132.99,45.05,17.8,22.49,78.34,6.08,74.6,cotton
98.19,19.18,48.59,26.59,78.03,6.19,55.7,watermelon
108.96,74.55,50.17,28.43,74.2,6.64,102.33,banana
128.61,78.98,44.84,26.79,80.44,6.17,99.87,banana
99.18,11.96,46.24,29.68,86.82,6.64,26.26,muskmelon
16.65,17.26,13.35,25.79,92.04,7.27,114.54,orange
21.82,122.7,202.83,21.85,76.51,5.89,73.52,grapes
31.67,45.41,17.08,28.87,83.09,7.14,46.7,mungbean
24.09,82.12,15.24,16.34,26.28,5.78,92.88,kidneybeans
29.17,129.76,204.51,24.42,83.01,6.13,63.18,grapes
74.23,52.85,34.35,24.66,86.62,5.41,216.28,rice
64.85,43.87,44.28,24.03,78.56,6.47,245.83,rice
52.06,59.9,47.55,31.96,92.65,7.19,148.62,papaya
20.36,48.44,19.55,30.58,52.78,6.13,48.05,mothbeans
40.6,67.79,22.31,30.57,71.01,6.8,68.62,blackgram
81.5,49.39,49.38,25.5,80.57,6.04,248.5,rice
25.15,49.81,20.22,29.08,86.47,7.09,56.17,mungbean
22.96,63.91,19.31,18.11,15.19,5.66,142.09,kidneybeans
33.81,64.42,23.06,29.93,60.16,7.48,72.19,blackgram
17.54,48.64,14.67,27.68,82.22,6.74,54.37,mungbean
62.37,49.27,38.07,22.25,84.14,6.81,259.48,rice
11.68,61.42,20.83,28.79,64.41,7.03,50.46,lentil
89.28,78.39,45.93,26.17,76.54,5.73,115.96,banana
22.73,57.94,23.64,20.62,20.68,5.73,79.26,kidneybeans
86.28,46.91,35.51,23.75,80.27,6.79,232.52,rice
51.81,51.87,58.23,32.05,93.81,6.85,139.81,papaya
70.75,48.18,21.55,20.59,65.95,5.97,77.46,maize
22.76,63.98,20.79,20.69,21.01,5.54,95.54,kidneybeans
86.35,88.84,51.06,29.37,80.35,5.74,102.89,banana
34.0,62.96,84.2,19.72,16.32,7.15,76.97,chickpea
55.35,62.49,80.92,21.21,20.81,8.12,89.77,chickpea
18.54,31.32,29.14,32.28,49.8,5.78,92.44,mango
119.26,17.25,50.9,28.52,90.66,6.72,23.12,muskmelon
99.38,13.8,45.16,24.39,83.03,6.61,46.82,watermelon
42.44,66.29,21.12,29.77,59.3,7.12,74.09,blackgram
104.21,79.68,46.65,26.29,79.76,4.92,98.99,banana
74.99,46.42,43.59,25.58,78.14,6.66,170.01,jute
93.51,24.96,25.06,25.63,56.63,7.09,132.05,coffee
23.69,10.51,24.55,28.63,93.71,5.7,198.58,coconut
123.57,55.33,19.9,24.16,79.85,7.61,77.45,cotton
16.36,50.24,20.94,30.59,46.91,7.24,55.92,mothbeans
51.24,75.64,77.76,20.82,16.94,7.64,83.98,chickpea
24.19,46.88,16.34,30.09,83.73,6.42,47.33,mungbean
44.59,53.22,49.45,37.8,92.49,6.61,112.09,papaya
15.86,35.89,20.44,29.79,52.59,6.53,49.93,mothbeans
109.68,45.29,20.37,22.12,78.56,6.95,80.77,cotton
25.12,47.27,23.44,26.44,87.06,7.26,50.92,mungbean
94.16,17.11,55.3,29.64,92.75,6.22,21.82,muskmelon
71.65,87.36,53.94,25.02,80.93,6.14,104.02,banana
23.76,131.15,198.86,24.51,94.89,5.82,108.28,apple
100.61,59.29,38.76,25.54,84.24,6.95,212.08,rice
100.17,14.84,52.13,28.55,91.3,6.62,20.95,muskmelon
77.54,45.09,26.52,23.49,81.61,6.68,282.42,rice
18.07,44.47,22.06,28.26,83.57,7.2,43.26,mungbean
88.41,17.13,52.72,24.22,88.51,6.39,57.09,watermelon
124.61,52.17,19.22,25.66,73.68,6.48,81.71,cotton
39.67,69.28,82.61,19.87,17.91,7.34,78.52,chickpea
74.53,15.63,56.86,25.03,83.73,6.42,45.2,watermelon
18.98,66.62,20.98,20.27,16.05,5.65,93.13,kidneybeans
118.64,14.14,54.51,25.5,84.81,6.04,49.38,watermelon
21.76,14.75,29.97,23.9,95.66,5.96,169.65,coconut
20.41,61.23,17.01,24.76,55.54,7.57,47.91,lentil
22.02,122.01,200.94,21.25,83.56,6.66,66.45,grapes
20.19,13.39,9.92,22.17,91.88,6.71,106.03,orange
84.08,44.06,21.9,24.83,67.69,5.73,76.07,maize
83.57,42.15,44.5,24.21,84.74,6.65,215.48,rice
94.95,44.38,20.67,22.36,69.95,6.96,78.43,maize
38.67,64.79,81.54,20.12,18.52,7.07,78.76,chickpea
86.9,44.19,41.12,23.63,82.59,6.09,236.81,rice
11.03,45.7,19.63,27.4,47.28,6.56,53.35,mothbeans
85.77,49.18,55.39,25.84,81.92,6.02,196.04,rice
96.17,21.01,54.1,26.04,80.68,6.49,47.85,watermelon
24.64,13.51,33.89,29.55,93.35,6.06,187.26,coconut
75.48,52.96,22.87,20.44,59.88,5.65,90.9,maize
81.48,52.5,23.99,22.89,68.04,6.17,102.08,maize
20.54,59.66,21.44,22.18,60.26,6.76,42.77,lentil
37.94,64.88,16.26,25.99,62.43,7.16,59.71,blackgram
88.95,37.34,18.32,23.34,71.46,6.18,78.14,maize
82.9,61.53,44.36,22.95,85.9,6.24,185.25,rice
76.92,43.67,36.16,26.69,84.72,7.06,182.19,jute
28.71,15.14,30.33,27.68,96.04,6.0,179.12,coconut
15.57,49.09,23.91,29.37,51.14,6.95,49.27,mothbeans
18.85,17.22,32.34,25.42,100.0,6.01,178.26,coconut
18.62,15.88,39.44,22.16,88.06,5.96,118.33,pomegranate
87.1,43.18,26.76,24.85,63.9,5.45,112.29,maize
33.68,58.46,84.75,21.47,16.59,7.23,80.66,chickpea
89.43,15.61,45.81,25.06,83.98,6.53,42.73,watermelon
23.16,65.19,19.58,29.55,36.64,6.46,150.95,pigeonpeas
104.77,13.25,55.93,23.37,83.15,6.47,52.86,watermelon
17.52,56.9,22.82,22.41,64.57,7.08,46.7,lentil
89.03,16.35,42.09,27.82,90.36,6.52,22.68,muskmelon
92.72,52.05,34.35,22.55,83.77,5.91,254.02,rice
83.82,27.27,29.3,26.84,50.62,6.81,167.35,coffee
21.63,82.59,16.38,23.65,65.73,7.21,42.9,lentil
33.22,69.41,12.98,29.72,65.16,7.34,73.64,blackgram
105.68,13.59,57.16,27.67,91.85,6.47,23.0,muskmelon
76.62,55.72,20.34,22.78,63.75,6.18,88.49,maize
15.89,66.25,21.83,28.09,44.58,5.91,163.79,pigeonpeas
80.99,52.26,31.65,24.69,80.31,6.63,217.12,rice
16.56,49.23,22.3,24.97,54.7,7.36,47.88,mothbeans
105.74,14.42,49.54,28.2,92.81,6.18,28.46,muskmelon
101.17,15.51,51.08,27.11,90.41,6.53,21.65,muskmelon
20.9,137.15,201.09,23.3,81.87,5.71,63.61,grapes
15.54,24.8,45.61,20.87,88.53,5.61,98.61,pomegranate
90.97,19.11,50.99,22.57,86.49,6.62,50.9,watermelon
80.06,55.04,38.78,23.14,79.16,6.45,183.72,jute
133.67,41.04,23.85,26.82,73.95,6.94,77.2,cotton
119.06,37.17,16.58,27.6,81.18,6.6,83.75,cotton
35.37,64.01,17.66,28.3,63.71,7.33,61.48,blackgram
15.93,10.67,34.91,21.84,87.27,6.38,101.05,pomegranate
22.5,73.7,18.22,20.35,26.49,5.6,90.02,kidneybeans
42.57,65.5,84.93,20.68,21.98,7.53,82.71,chickpea
46.1,64.62,52.98,33.05,90.18,6.8,122.24,papaya
37.54,58.15,78.93,18.44,18.36,7.82,91.27,chickpea
81.72,19.99,53.95,26.6,86.32,6.57,55.96,watermelon
116.05,20.96,51.88,30.89,90.35,6.78,21.8,muskmelon
87.65,44.38,24.23,28.15,63.75,6.07,102.24,maize
100.37,35.44,33.6,27.23,61.93,6.41,170.03,coffee
23.86,49.76,20.97,28.62,85.39,7.42,55.51,mungbean
46.97,59.58,81.19,20.36,17.8,7.38,88.11,chickpea
41.91,61.19,48.43,33.36,95.73,6.56,143.8,papaya
102.91,29.23,24.81,26.15,63.53,7.14,170.13,coffee
81.98,45.99,37.13,22.51,82.2,6.18,218.38,rice
115.39,21.06,44.42,28.87,93.77,6.52,22.81,muskmelon
82.16,47.32,36.74,27.89,84.2,5.59,240.86,rice
83.6,46.73,42.16,24.17,76.74,6.74,199.54,jute
118.47,47.93,18.8,23.38,76.67,6.93,74.09,cotton
25.46,60.55,21.42,27.03,53.18,4.74,147.52,pigeonpeas
40.05,65.84,19.43,28.88,56.68,7.71,68.73,blackgram
96.08,20.78,51.36,28.54,92.8,6.44,20.15,muskmelon
24.37,20.02,30.7,28.12,95.11,6.21,147.31,coconut
84.97,46.03,43.24,26.65,81.6,6.31,275.68,rice
25.53,18.98,12.02,23.08,90.86,6.44,110.22,orange
19.86,24.29,27.37,32.03,45.53,5.7,96.7,mango
15.32,36.47,25.78,27.95,54.8,6.09,88.54,mango
86.48,20.01,56.12,28.07,90.02,5.91,21.76,muskmelon
88.29,31.52,41.18,25.14,77.86,6.86,244.66,rice
27.3,128.49,204.55,25.32,94.73,5.93,110.38,apple
15.67,50.14,20.77,29.94,83.13,6.71,40.21,mungbean
42.01,73.79,44.39,37.02,93.36,6.47,140.11,papaya
94.73,83.96,51.9,28.46,83.93,6.12,93.59,banana
35.8,68.63,19.51,30.2,59.46,7.34,69.24,blackgram
101.4,21.29,47.02,29.8,90.74,6.23,27.16,muskmelon
20.04,145.0,192.69,24.53,93.61,5.76,124.11,apple
19.64,17.36,31.45,25.69,97.27,6.19,203.75,coconut
53.87,56.12,50.19,31.75,92.8,7.01,161.97,papaya
25.46,65.13,14.89,25.39,57.48,5.66,144.63,pigeonpeas
96.03,45.26,28.64,24.6,80.07,5.91,194.81,jute
24.54,145.0,200.91,22.31,88.34,5.91,113.2,apple
17.52,135.76,197.14,21.01,89.95,6.37,118.92,apple
71.6,42.55,20.59,19.95,66.83,5.69,97.15,maize
27.5,42.05,21.78,28.08,85.03,6.64,43.33,mungbean
23.36,136.52,200.12,24.0,90.98,5.73,112.62,apple
20.63,82.69,18.99,25.98,64.37,7.68,36.96,lentil
17.58,133.32,191.56,26.29,84.08,6.1,65.12,grapes
95.02,47.52,48.14,20.84,77.19,6.38,245.8,rice
94.09,16.42,54.4,24.87,87.59,6.5,49.91,watermelon
24.27,68.88,21.95,27.56,66.15,6.66,50.58,lentil
17.72,131.43,204.15,19.73,95.85,6.05,112.4,apple
26.73,132.35,197.27,19.75,85.45,6.18,66.77,grapes
35.52,47.61,84.42,20.01,16.24,7.33,84.23,chickpea
78.98,43.44,18.55,21.6,66.9,6.36,77.92,maize
102.15,93.96,44.75,27.99,77.99,5.85,98.18,banana
15.45,66.09,19.98,21.3,23.27,5.55,107.13,kidneybeans
27.62,17.84,6.9,27.32,95.35,7.01,119.76,orange
16.56,36.04,30.98,29.11,55.99,6.63,94.5,mango
106.77,25.45,27.58,25.9,56.12,6.93,119.2,coffee
48.74,51.13,48.0,36.35,93.88,6.66,156.27,papaya
14.62,139.11,205.0,24.98,79.18,5.96,65.13,grapes
19.88,134.16,200.66,18.99,77.36,6.09,70.14,grapes
22.38,14.18,28.83,27.07,94.33,6.56,182.51,coconut
106.39,46.83,19.17,26.91,81.29,6.16,70.28,cotton
68.04,52.69,46.78,23.46,85.31,6.54,220.07,rice
17.69,70.73,21.41,25.93,43.83,5.74,131.57,pigeonpeas
38.83,74.92,19.05,30.91,63.83,6.79,67.06,blackgram
31.25,64.53,76.24,19.38,19.48,6.55,81.02,chickpea
20.15,66.16,18.93,21.47,71.17,7.25,50.52,lentil
25.93,81.24,20.01,22.12,24.95,5.55,98.62,kidneybeans
14.22,142.16,197.23,22.38,89.63,5.9,110.4,apple
27.38,12.62,32.27,18.8,92.35,6.74,104.42,pomegranate
20.92,16.15,40.35,21.17,90.42,5.69,96.52,pomegranate
68.2,47.76,42.16,25.56,76.57,5.98,180.0,jute
88.8,18.67,45.95,27.57,91.75,6.19,23.27,muskmelon
15.45,73.0,24.11,29.44,49.8,5.31,132.56,pigeonpeas
79.76,41.39,38.85,24.38,78.1,7.3,168.2,jute
76.04,43.86,29.7,25.48,81.5,7.18,162.98,jute
28.1,33.31,32.27,30.57,38.85,5.92,94.69,mango
17.15,18.93,46.05,21.22,92.78,6.83,116.11,pomegranate
19.69,51.0,18.4,30.64,48.82,7.83,37.22,mothbeans
34.03,71.35,24.6,27.3,57.69,7.06,67.89,blackgram
81.14,51.63,47.93,21.12,88.7,5.62,232.41,rice
13.69,61.73,15.39,27.84,70.99,7.03,51.81,lentil
36.46,56.42,21.65,27.14,63.36,7.02,67.38,blackgram
16.2,37.37,21.41,24.54,47.06,5.55,50.51,mothbeans
14.67,127.48,199.8,23.36,84.42,5.68,70.64,grapes
102.71,14.57,46.1,23.12,88.87,6.38,51.59,watermelon
25.74,53.26,24.02,27.22,86.93,6.89,45.55,mungbean
111.35,37.3,24.63,24.09,78.92,6.74,68.29,cotton
51.09,58.13,45.25,34.38,94.55,6.66,147.96,papaya
99.02,18.71,48.9,22.96,89.01,6.56,48.9,watermelon
26.82,24.27,27.78,36.5,53.62,4.85,91.31,mango
118.86,73.08,43.04,29.06,73.58,5.94,129.54,banana
17.5,66.21,18.19,15.69,23.84,5.95,115.67,kidneybeans
21.08,51.21,15.01,29.22,82.33,6.95,42.62,mungbean
104.88,15.56,57.28,30.45,93.51,6.67,24.89,muskmelon
28.83,20.98,26.0,29.66,95.56,6.05,204.77,coconut
21.36,71.49,22.9,19.44,20.07,5.48,93.52,kidneybeans
16.28,18.67,40.33,17.36,87.18,6.07,112.43,pomegranate
42.7,68.08,19.31,25.13,68.08,7.14,70.37,blackgram
40.74,66.63,18.57,31.39,66.4,7.78,62.69,blackgram
115.16,11.43,48.17,23.05,85.29,6.58,58.75,watermelon
92.65,81.06,50.06,24.52,75.99,6.1,98.7,banana
18.45,16.98,43.76,20.59,89.6,6.82,116.73,pomegranate
103.32,32.22,30.44,27.81,56.25,6.46,163.65,coffee
47.61,54.73,53.07,30.48,94.2,6.74,141.7,papaya
101.58,50.3,42.6,26.66,79.66,6.94,185.57,jute
18.5,17.2,30.22,27.8,91.89,6.03,150.02,coconut
17.69,17.57,10.88,21.07,89.18,8.32,109.51,orange
28.83,20.01,32.66,28.22,94.08,5.56,172.08,coconut
91.8,14.87,50.72,24.32,86.46,6.75,53.47,watermelon
14.87,131.6,203.21,23.37,92.82,6.18,110.17,apple
54.59,60.87,49.22,35.58,90.59,6.53,143.83,papaya
94.88,22.72,46.5,27.38,88.78,6.31,23.19,muskmelon
108.29,17.72,47.87,29.79,93.36,6.25,24.85,muskmelon
118.27,43.26,20.1,25.22,83.9,7.03,73.27,cotton
22.88,128.86,205.0,24.36,82.03,6.23,68.1,grapes
93.47,42.44,48.5,23.39,83.39,6.48,161.74,jute
76.38,39.3,41.12,25.73,82.14,6.8,170.73,jute
26.01,131.4,203.9,20.28,81.01,6.49,69.87,grapes
18.2,57.98,17.97,23.75,63.37,6.68,40.21,lentil
82.54,49.36,37.94,22.62,81.0,6.56,225.68,rice
18.11,25.41,31.84,27.3,46.43,5.94,98.44,mango
18.38,72.29,19.32,23.96,65.03,6.66,43.98,lentil
22.24,137.07,205.0,21.6,90.59,5.54,113.98,apple
27.26,48.06,18.49,27.01,81.16,6.9,51.87,mungbean
14.97,15.33,29.55,28.16,92.78,5.77,184.89,coconut
92.38,35.84,37.0,23.61,82.44,6.22,251.77,rice
95.81,37.86,13.4,23.5,63.19,5.89,93.3,maize
15.46,25.18,29.78,35.92,51.03,5.46,96.02,mango
20.64,24.96,45.22,20.43,92.15,6.11,111.68,pomegranate
115.71,52.18,21.81,22.13,76.77,6.8,86.29,cotton
20.87,61.13,15.19,24.77,63.52,7.15,45.3,lentil
107.95,22.13,51.08,28.29,88.89,6.38,27.17,muskmelon
24.23,19.33,13.67,17.49,89.74,6.68,107.21,orange
14.3,141.01,205.0,22.45,86.64,5.92,64.11,grapes
10.84,41.69,24.49,31.92,52.68,6.06,67.97,mothbeans
96.49,31.86,32.72,26.16,65.58,6.53,149.33,coffee
18.66,71.45,16.94,20.05,21.16,5.75,100.36,kidneybeans
28.05,74.67,20.75,22.19,21.96,5.7,100.63,kidneybeans
113.22,82.31,48.07,27.03,79.89,6.18,115.6,banana
99.22,17.88,52.14,25.24,92.79,6.43,49.65,watermelon
14.79,65.68,23.65,26.43,64.17,7.02,42.7,lentil
31.19,66.19,20.93,22.88,65.98,6.8,43.65,lentil
100.87,28.96,32.74,24.16,55.51,7.17,149.77,coffee
23.08,67.68,18.23,24.97,53.11,6.26,118.59,pigeonpeas
54.85,62.14,47.37,34.31,90.8,6.7,149.22,papaya
49.2,53.42,54.7,27.12,91.84,6.69,142.92,papaya
24.95,15.79,10.37,22.06,93.34,6.73,117.46,orange
24.86,43.88,22.46,26.66,89.86,6.7,44.82,mungbean
77.49,48.28,17.89,20.74,59.59,6.72,69.87,maize
111.63,23.88,51.11,29.32,94.37,6.34,25.25,muskmelon
24.83,31.01,32.37,29.63,47.73,5.28,95.2,mango
96.32,36.99,37.8,23.86,86.62,5.83,265.28,rice
44.1,66.7,20.9,28.59,64.9,7.31,86.48,blackgram
63.08,57.71,39.21,22.75,79.26,5.74,256.78,rice
63.1,36.48,23.07,28.5,70.74,6.37,91.94,maize
23.95,133.76,200.97,23.73,83.18,5.76,75.2,grapes
15.69,76.2,23.89,22.46,58.98,7.02,42.96,lentil
93.52,60.05,40.4,26.4,79.75,6.39,196.95,jute
107.23,50.79,25.52,26.39,75.77,7.24,75.09,cotton
98.16,25.06,33.61,27.86,55.36,6.75,155.52,coffee
95.59,81.49,51.93,29.03,79.4,6.46,87.51,banana
21.28,19.26,29.2,32.3,48.38,5.38,99.78,mango
117.27,15.7,56.18,27.13,82.2,6.81,47.54,watermelon
28.95,14.3,8.56,25.15,93.62,7.31,123.72,orange
97.66,18.25,47.7,25.88,87.53,6.28,54.71,watermelon
18.51,55.87,20.96,28.59,46.85,6.97,44.54,mothbeans
18.02,71.28,25.81,29.74,47.81,5.71,142.37,pigeonpeas
125.48,48.91,21.86,20.26,75.14,7.3,68.36,cotton
98.16,55.17,15.52,22.84,82.52,7.16,71.53,cotton
13.16,136.68,194.32,21.41,89.92,5.76,112.5,apple
17.86,55.55,16.65,22.57,21.21,5.59,108.3,kidneybeans
124.98,50.63,17.83,26.4,77.9,7.46,83.94,cotton
19.16,30.56,27.52,29.97,43.16,5.27,105.55,mango
71.16,48.08,40.29,21.31,83.37,6.62,263.28,rice
14.57,121.15,196.19,23.81,95.46,6.17,120.1,apple
28.84,130.63,201.01,22.32,79.36,5.48,65.38,grapes
20.04,116.97,201.02,23.12,92.57,5.01,103.84,apple
39.82,72.93,16.06,29.85,62.6,7.32,67.99,blackgram
18.79,23.16,49.66,18.92,89.54,5.69,108.66,pomegranate
46.87,56.88,49.71,33.88,92.75,6.81,139.15,papaya
61.29,41.07,22.82,19.94,64.3,6.37,73.18,maize
22.08,22.34,26.59,25.04,92.56,6.36,207.31,coconut
21.25,27.61,30.92,31.43,54.55,5.85,85.95,mango
25.07,131.98,190.38,21.88,92.39,6.27,108.73,apple
31.04,126.2,203.28,28.1,78.46,5.9,74.17,grapes
25.68,13.64,9.74,24.18,91.33,7.19,114.39,orange
20.56,23.87,40.1,18.96,92.21,6.63,95.85,pomegranate
14.32,58.68,20.88,28.06,44.42,5.87,181.27,pigeonpeas
16.14,20.28,40.7,23.67,92.04,6.41,102.12,pomegranate
89.69,86.26,46.78,27.08,85.03,6.3,111.82,banana
100.06,73.03,49.77,27.32,80.88,6.2,96.29,banana
21.16,54.88,17.67,31.32,45.55,7.78,48.22,mothbeans
34.21,63.73,17.8,26.93,61.83,6.76,65.33,blackgram
27.45,46.0,22.71,30.95,89.44,6.37,46.88,mungbean
52.38,58.46,80.12,21.02,16.64,7.48,71.6,chickpea
44.13,62.71,18.38,29.87,65.7,7.13,70.42,blackgram
96.64,31.65,29.17,27.16,52.61,6.31,151.06,coffee
124.26,50.51,23.65,25.49,79.32,6.45,93.74,cotton
19.58,25.24,30.13,37.79,54.24,6.27,97.31,mango
46.92,50.53,46.37,35.29,94.65,6.75,158.6,papaya
16.85,13.95,10.87,17.99,89.31,7.01,110.34,orange
107.61,47.11,17.02,23.95,82.05,6.88,77.27,cotton
16.73,14.71,41.32,16.45,85.72,6.35,107.99,pomegranate
17.68,140.41,198.09,25.61,85.4,5.64,67.34,grapes
87.6,74.72,53.04,26.47,76.36,5.82,104.34,banana
81.93,49.29,17.42,24.15,62.9,6.24,115.52,maize
23.9,14.86,28.99,28.82,95.2,5.39,158.12,coconut
22.53,56.68,21.7,26.1,60.01,7.78,76.42,mothbeans
19.53,25.03,33.79,31.86,47.46,5.61,101.43,mango
19.0,21.87,25.04,33.62,52.11,5.98,100.23,mango
24.36,128.69,192.85,20.65,89.38,6.2,102.1,apple
105.17,18.29,53.19,27.34,91.62,6.35,26.07,muskmelon
19.96,65.45,18.85,18.28,63.91,7.29,42.54,lentil
20.56,12.53,42.03,21.01,88.19,6.17,105.14,pomegranate
99.76,68.1,50.07,29.22,78.6,6.12,111.41,banana
25.82,138.59,204.03,20.01,91.98,5.82,110.74,apple
26.32,19.95,10.5,18.78,93.28,7.62,120.09,orange
39.74,56.66,46.21,35.28,90.14,6.69,159.36,papaya
18.71,76.95,22.65,21.81,62.1,7.28,32.14,lentil
117.45,54.98,20.04,25.95,77.07,6.82,92.28,cotton
95.8,24.97,28.02,24.87,56.95,6.6,195.88,coffee
17.19,12.82,29.46,25.96,94.7,6.21,193.62,coconut
19.35,68.18,17.25,26.52,66.92,7.24,45.08,lentil
14.1,127.39,204.73,22.65,91.53,5.87,116.12,apple
107.16,15.78,49.47,29.42,91.02,6.29,26.48,muskmelon
35.85,62.89,17.48,30.97,69.24,6.98,73.25,blackgram
42.39,67.09,16.99,29.53,58.7,7.78,60.39,blackgram
25.58,71.31,22.94,29.01,41.48,5.63,133.9,pigeonpeas
45.82,70.42,76.77,21.56,14.41,7.67,88.1,chickpea
61.95,35.61,40.24,24.12,79.59,6.66,194.66,rice
130.06,51.13,21.7,25.91,79.52,6.15,79.82,cotton
22.95,54.61,16.51,26.99,46.29,5.2,157.28,pigeonpeas
23.28,67.26,21.36,19.07,21.11,5.66,94.7,kidneybeans
76.12,66.06,17.59,26.5,71.91,6.03,91.63,maize
101.67,78.65,46.7,25.81,78.25,6.34,99.31,banana
70.71,56.51,47.87,26.03,82.34,6.53,204.01,jute
15.58,16.48,7.44,20.55,93.53,8.04,113.84,orange
49.9,55.76,51.08,37.51,91.09,6.39,156.66,papaya
14.9,21.82,28.59,28.2,91.89,5.94,180.94,coconut
23.97,46.22,19.26,30.17,49.64,5.87,49.91,mothbeans
86.86,54.41,31.21,21.23,76.18,6.29,254.14,rice
15.21,144.42,205.0,28.43,81.06,5.65,65.34,grapes
15.22,75.44,26.41,22.35,66.94,6.61,50.9,lentil
53.55,56.14,53.0,27.8,92.0,6.82,157.41,papaya
35.7,52.07,79.59,18.72,19.83,7.55,71.91,chickpea
42.26,66.77,85.63,18.82,13.25,7.8,72.85,chickpea
17.35,128.72,197.15,21.71,89.74,5.56,106.89,apple
105.12,18.95,49.73,24.21,83.15,6.85,48.38,watermelon
101.22,54.23,32.4,22.63,86.1,6.12,247.3,rice
46.86,62.3,48.6,27.85,91.55,6.49,147.94,papaya
17.5,29.81,21.47,26.67,79.45,5.85,53.28,mungbean
83.36,41.8,38.3,27.74,78.18,6.46,192.36,jute
40.02,61.24,58.95,29.05,91.93,6.2,136.58,papaya
17.77,16.26,37.94,25.54,87.97,7.13,110.12,pomegranate
26.7,140.53,198.48,20.83,93.17,6.23,117.99,apple
76.55,43.15,41.15,25.6,81.14,6.65,145.47,jute
36.98,66.45,16.9,27.64,66.34,6.72,65.31,blackgram
73.98,45.28,20.51,22.8,65.21,6.33,99.09,maize
13.44,19.34,38.9,19.11,89.4,6.55,110.67,pomegranate
32.11,63.38,15.39,23.0,52.38,4.86,142.05,pigeonpeas
101.25,14.61,51.01,26.54,94.39,6.41,23.14,muskmelon
5.05,48.56,18.43,30.89,85.56,6.34,48.1,mungbean
41.34,59.11,22.45,30.32,65.89,7.1,64.69,blackgram
67.89,42.64,42.21,26.31,83.87,6.48,183.74,jute
24.3,18.52,31.94,27.28,94.16,6.05,196.52,coconut
45.33,59.65,16.9,30.04,69.22,7.25,69.29,blackgram
96.33,41.71,14.25,25.99,79.73,6.01,83.41,cotton
89.84,15.23,55.18,25.54,86.33,6.47,44.88,watermelon
6.96,64.2,18.42,31.17,45.79,5.99,152.33,pigeonpeas
94.2,86.34,49.06,27.11,81.63,5.82,116.54,banana
27.72,128.76,200.81,23.04,93.05,5.82,121.67,apple
21.13,129.39,203.8,22.51,90.55,5.62,102.36,apple
13.59,71.16,18.33,24.57,67.59,6.41,42.28,lentil
44.86,60.55,52.42,38.99,92.19,6.59,146.06,papaya
23.37,49.6,18.67,30.01,82.12,7.04,49.33,mungbean
77.28,48.21,22.81,21.11,65.58,6.06,79.59,maize
27.18,62.67,22.24,27.21,47.71,5.85,154.54,pigeonpeas
106.43,33.03,34.75,26.05,55.83,6.29,176.85,coffee
11.19,15.77,11.95,24.55,92.31,7.19,110.31,orange
17.74,21.54,38.52,23.75,87.27,6.07,111.62,pomegranate
22.28,47.35,15.19,30.53,83.67,6.85,39.02,mungbean
88.34,34.59,25.64,27.15,52.83,6.98,191.61,coffee
93.45,58.15,37.44,21.62,81.92,6.42,263.55,rice
23.71,56.94,23.13,30.08,59.52,7.21,45.71,lentil
25.88,10.75,31.03,27.73,98.14,5.54,203.73,coconut
113.11,29.49,30.93,27.63,58.52,7.03,170.41,coffee
55.53,59.1,21.3,29.08,68.23,6.66,60.22,blackgram
28.35,72.35,17.23,23.71,46.14,5.69,159.42,pigeonpeas
23.31,124.61,203.13,23.65,79.43,6.67,71.51,grapes
80.73,15.73,51.79,25.04,84.28,6.84,51.33,watermelon
16.39,9.72,10.8,23.55,92.27,6.74,110.26,orange
77.01,47.64,30.06,23.16,83.37,6.99,223.24,rice
19.29,56.66,18.53,19.53,20.96,5.65,104.97,kidneybeans
36.15,70.46,84.0,20.03,19.18,7.58,82.91,chickpea
92.73,29.48,29.88,24.6,59.71,7.11,165.19,coffee
86.03,72.79,58.45,26.11,79.43,5.89,101.23,banana
13.34,27.8,29.49,31.42,50.14,6.83,86.72,mango
118.79,13.78,51.19,30.48,93.5,6.44,21.79,muskmelon
24.13,11.44,8.67,22.44,94.93,6.98,113.65,orange
80.95,41.71,37.57,25.05,77.41,6.37,192.82,jute
81.08,51.92,39.48,24.5,85.42,6.86,196.57,jute
100.64,15.14,48.27,26.91,92.45,6.61,21.41,muskmelon
25.24,40.18,21.66,29.43,79.77,6.73,45.59,mungbean
110.64,41.25,21.88,23.5,79.56,7.01,82.52,cotton
24.56,129.5,205.0,23.17,87.62,5.99,109.86,apple
105.74,26.84,28.22,24.79,52.89,6.81,172.2,coffee
20.83,46.92,20.62,28.63,87.89,6.98,42.1,mungbean
21.21,64.88,25.56,22.47,73.22,6.91,38.82,lentil
97.88,20.59,46.16,27.67,90.28,6.42,21.44,muskmelon
81.96,49.05,21.09,28.41,64.97,6.26,97.41,maize
19.36,68.51,22.31,26.92,66.78,6.76,49.41,lentil
21.67,15.58,30.95,29.77,95.28,6.65,159.54,coconut
40.13,82.21,79.7,17.84,13.77,6.58,67.43,chickpea
24.39,64.15,17.41,21.49,20.62,5.91,115.16,kidneybeans
104.02,31.22,29.52,26.02,58.75,6.83,154.49,coffee
97.49,93.49,47.18,25.82,80.2,5.98,110.76,banana
16.05,43.32,23.25,25.5,51.12,6.82,52.09,mothbeans
100.54,16.67,53.51,25.48,79.93,6.42,45.94,watermelon
95.55,66.52,49.4,23.85,81.46,5.71,105.91,banana
55.43,51.75,21.03,28.79,62.75,6.91,62.35,blackgram
116.28,27.07,31.67,25.32,53.74,7.02,138.4,coffee
26.79,54.04,20.43,23.16,52.66,5.75,157.89,pigeonpeas
82.93,47.94,42.38,26.71,78.59,6.44,187.22,jute
41.31,70.83,13.96,28.82,64.08,7.18,74.96,blackgram
24.59,135.06,199.31,22.67,89.79,6.27,71.25,grapes
27.92,127.71,195.66,25.64,81.82,6.25,65.98,grapes
46.1,47.51,48.68,26.74,90.76,6.4,150.28,papaya
20.84,21.53,28.07,30.05,46.64,6.14,99.56,mango
21.06,52.7,18.71,29.02,55.95,7.07,44.59,mothbeans
82.93,42.0,49.33,24.55,78.73,6.66,211.83,rice
18.03,77.61,16.23,21.73,20.9,5.64,117.76,kidneybeans
22.43,143.82,205.0,23.36,82.77,5.7,69.01,grapes
97.69,16.8,43.36,26.07,84.93,6.98,46.1,watermelon
22.57,14.63,11.65,25.68,88.85,6.77,104.51,orange
107.4,48.29,29.46,25.15,88.01,7.13,75.36,cotton
16.14,60.8,21.03,20.0,21.68,5.55,102.44,kidneybeans
6.54,64.54,21.66,30.7,45.32,5.59,172.58,pigeonpeas
22.95,82.3,16.96,26.8,50.6,5.77,129.85,pigeonpeas
51.12,76.77,82.91,18.56,14.88,7.15,88.81,chickpea
19.06,22.43,40.49,25.92,86.5,6.25,106.74,pomegranate
22.15,144.14,191.82,29.61,82.24,5.97,68.81,grapes
28.18,19.64,30.21,27.6,91.79,5.83,185.01,coconut
124.92,86.47,49.37,27.91,84.13,5.77,99.38,banana
15.5,23.56,39.61,17.36,86.6,6.33,100.52,pomegranate
91.27,45.12,34.47,28.75,82.48,6.41,235.6,rice
96.96,81.78,57.81,28.43,85.01,6.18,98.91,banana
97.03,75.81,47.59,27.4,77.22,5.85,100.47,banana
111.54,77.58,42.51,30.47,77.41,5.68,113.43,banana
112.32,38.07,19.81,22.43,76.63,6.61,100.28,cotton
102.53,18.72,55.79,27.03,83.58,6.47,54.16,watermelon
14.68,48.7,18.08,26.98,81.48,6.83,44.31,mungbean
23.14,33.07,29.91,37.7,44.17,6.08,101.7,mango
26.45,23.46,45.6,21.85,90.9,6.7,116.86,pomegranate
115.46,13.18,50.14,27.77,91.68,6.48,26.71,muskmelon
18.29,14.0,12.47,23.09,95.66,7.17,112.2,orange
81.77,48.54,16.15,24.89,63.22,5.73,79.66,maize
98.28,86.95,55.82,28.95,76.17,6.13,111.41,banana
67.96,51.89,47.36,24.42,82.54,7.07,190.06,jute
97.69,28.77,27.95,28.47,58.42,6.52,145.22,coffee
36.31,61.51,17.37,32.14,65.15,7.05,67.14,blackgram
23.75,49.68,17.15,28.84,48.24,6.42,52.71,mothbeans
90.31,13.52,46.58,28.39,92.51,6.35,20.0,muskmelon
41.83,71.61,23.44,30.79,63.1,6.97,69.23,blackgram
33.12,138.56,202.09,20.85,83.33,5.78,74.67,grapes
21.36,125.33,202.87,28.28,83.71,6.28,67.52,grapes
126.74,55.1,11.78,24.1,74.59,7.88,76.66,cotton
25.1,143.24,201.33,21.85,84.11,5.59,65.27,grapes
30.93,62.98,18.79,32.68,43.11,5.52,146.56,pigeonpeas
13.15,19.56,8.47,17.41,92.68,6.9,102.73,orange
15.78,39.01,19.72,28.03,55.94,7.37,50.72,mothbeans
18.34,28.5,31.74,34.22,50.11,6.46,100.15,mango
69.76,46.88,40.01,23.97,78.3,6.63,186.95,jute
18.75,28.07,27.53,32.96,49.93,5.69,92.53,mango
17.29,74.29,19.51,26.15,71.87,7.32,46.17,lentil
20.36,40.24,17.91,26.36,59.4,6.56,59.75,mothbeans
9.75,48.66,18.22,27.67,87.59,7.05,46.76,mungbean
39.35,59.98,47.58,35.9,90.73,6.55,102.18,papaya
20.64,18.76,12.98,21.9,92.73,7.67,95.63,orange
96.49,65.16,50.55,24.57,80.56,6.26,100.78,banana
22.38,14.02,24.83,27.08,94.16,5.88,179.71,coconut
14.7,22.49,28.73,29.98,48.32,5.99,95.17,mango
47.75,62.26,23.15,30.32,64.46,7.85,61.47,blackgram
91.47,49.38,23.1,18.69,66.27,6.47,85.79,maize
104.23,21.02,49.12,26.99,93.52,6.51,24.92,muskmelon
41.31,64.38,18.6,30.64,69.26,6.51,65.59,blackgram
85.8,55.71,44.37,25.65,83.4,6.19,166.97,jute
85.5,91.41,47.67,25.77,80.49,5.81,116.47,banana
18.2,11.66,10.82,24.38,87.42,6.67,105.66,orange
23.21,78.09,20.06,22.4,55.06,7.17,41.63,lentil
69.32,47.76,20.7,26.28,61.21,6.5,82.23,maize
23.63,34.27,19.88,28.74,84.67,7.09,50.93,mungbean
132.31,42.2,18.24,28.06,77.69,7.2,84.9,cotton
118.46,48.81,17.11,22.54,81.27,7.85,88.43,cotton
103.28,31.3,31.89,26.89,57.43,6.66,129.4,coffee
17.09,42.03,20.2,29.22,89.99,6.55,45.41,mungbean
24.89,75.18,18.12,17.46,21.09,5.54,104.95,kidneybeans
36.63,65.33,71.58,17.69,18.73,7.95,70.23,chickpea
26.87,53.43,22.66,27.81,82.26,6.52,49.58,mungbean
17.32,12.48,36.93,22.58,91.55,6.4,114.44,pomegranate
18.02,60.7,21.11,23.67,62.73,7.24,45.85,lentil
17.34,84.72,19.94,23.82,61.46,7.34,50.04,lentil
71.82,61.65,34.97,21.17,85.77,6.72,251.8,rice
105.76,15.5,42.71,25.06,86.42,6.8,44.94,watermelon
69.71,55.75,32.39,22.49,77.89,6.76,198.68,jute
16.96,17.08,35.0,20.94,92.51,6.79,113.26,pomegranate
26.27,68.24,16.99,21.63,69.16,6.67,45.92,lentil
36.86,62.15,21.83,28.48,67.68,6.99,55.94,blackgram
30.12,142.63,203.55,25.72,86.14,6.1,72.18,grapes
26.53,26.97,30.42,32.39,54.3,5.14,98.21,mango
73.99,44.96,36.99,27.3,82.26,5.98,256.76,rice
68.95,47.79,34.56,23.91,83.88,6.72,146.61,jute
80.69,77.55,50.13,29.11,81.6,6.09,95.58,banana
123.1,47.22,20.46,26.92,79.69,7.2,96.81,cotton
79.07,49.38,38.51,23.58,85.5,7.42,176.95,jute
28.71,62.61,80.46,19.14,14.74,7.81,73.17,chickpea
17.82,15.85,32.05,26.89,96.96,5.7,153.17,coconut
17.0,48.52,18.53,28.78,90.03,6.88,51.45,mungbean
24.98,79.25,23.21,25.88,50.27,5.15,160.95,pigeonpeas
96.49,85.24,49.86,26.12,84.27,6.02,120.99,banana
96.47,86.88,49.84,28.59,84.45,6.32,108.36,banana
16.27,76.7,23.08,23.66,57.62,6.67,42.7,lentil
19.64,53.48,22.29,28.52,82.58,6.89,48.52,mungbean
51.16,62.76,49.86,32.41,91.68,6.58,158.35,papaya
22.86,72.53,21.32,20.14,23.28,5.82,100.59,kidneybeans
119.48,12.58,53.14,24.91,84.19,6.4,46.78,watermelon
25.14,17.03,30.6,26.34,98.28,6.85,170.69,coconut
21.85,81.67,15.91,20.48,19.95,5.79,106.19,kidneybeans
76.61,46.79,22.65,24.03,58.89,6.64,101.36,maize
12.33,21.59,29.75,36.84,49.49,5.73,86.05,mango
18.34,131.59,197.22,20.84,83.75,6.16,74.44,grapes
17.41,47.47,26.51,25.35,43.94,7.27,45.77,mothbeans
52.2,65.21,48.15,37.46,94.72,6.92,129.4,papaya
24.05,17.06,10.24,24.79,91.11,6.43,115.56,orange
83.11,57.33,44.29,23.28,82.24,6.0,235.74,rice
23.54,17.36,31.58,25.7,95.19,6.03,179.87,coconut
40.51,60.02,22.07,34.55,65.03,7.25,68.31,blackgram
18.32,60.28,21.86,24.96,63.12,6.14,52.92,lentil
96.99,11.9,51.7,25.92,85.39,6.43,49.34,watermelon
17.32,28.91,35.17,35.3,43.47,6.03,93.63,mango
24.05,27.11,24.7,38.68,56.31,6.09,90.18,mango
27.79,50.29,23.83,28.55,40.86,5.26,183.03,pigeonpeas
25.09,17.67,45.12,19.9,87.83,5.69,117.54,pomegranate
19.4,52.15,18.15,27.38,84.84,6.35,59.32,mungbean
16.29,67.28,17.45,21.25,17.14,5.63,110.42,kidneybeans
16.81,43.11,16.8,32.45,59.86,7.95,41.42,mothbeans
27.82,17.67,28.11,28.0,98.22,6.28,185.56,coconut
20.42,71.59,25.93,16.97,25.64,5.72,92.42,kidneybeans
84.74,40.56,47.75,22.03,81.33,6.73,205.43,rice
10.45,46.28,19.1,27.9,85.16,6.78,47.5,mungbean
76.65,43.68,36.73,27.13,83.51,5.9,259.15,rice
23.21,21.67,49.5,20.74,92.49,6.37,114.9,pomegranate
87.01,43.75,34.54,22.38,84.21,6.41,169.92,jute
19.18,56.62,11.88,25.24,65.36,6.79,45.17,lentil
19.29,50.03,23.09,29.94,47.48,7.29,50.68,mothbeans
18.0,63.86,22.5,24.94,49.42,6.41,139.24,pigeonpeas
11.2,18.29,34.67,23.6,92.06,6.13,102.9,pomegranate
19.89,49.93,19.97,26.57,57.32,6.94,51.34,mothbeans
39.23,61.54,16.92,27.94,64.01,7.47,62.97,blackgram
51.73,63.85,47.71,31.46,95.82,6.9,158.41,papaya
80.45,36.35,27.09,28.36,59.05,6.97,149.3,coffee
94.79,84.35,46.91,27.31,75.86,6.19,118.72,banana
18.37,23.85,32.69,33.51,50.79,6.07,94.47,mango
39.46,69.66,80.95,19.96,15.93,7.51,78.02,chickpea
93.12,20.09,52.72,28.95,94.93,6.29,24.14,muskmelon
18.76,27.87,33.18,28.21,46.66,5.03,91.41,mango
35.73,64.81,17.97,31.94,63.58,7.72,70.39,blackgram
89.57,18.05,49.98,28.99,92.53,6.48,23.77,muskmelon
22.79,55.27,23.19,28.33,56.41,6.02,171.53,pigeonpeas
92.01,53.95,18.95,21.53,63.91,6.82,89.38,maize
24.49,16.34,9.9,22.04,91.78,7.24,113.07,orange
17.91,14.62,47.34,25.16,87.89,6.44,103.42,pomegranate
17.04,14.47,10.14,21.11,89.36,7.09,118.01,orange
18.8,72.8,12.94,25.62,62.25,7.56,48.82,lentil
94.07,13.92,48.37,25.49,84.03,6.44,52.47,watermelon
24.13,33.07,26.03,28.94,83.17,6.75,49.46,mungbean
26.59,15.04,26.1,32.33,96.37,5.92,191.34,coconut
14.58,50.22,14.05,25.42,87.72,6.85,48.06,mungbean
25.17,12.32,36.45,25.56,96.85,5.7,164.56,coconut
14.38,49.46,13.75,29.31,50.46,7.95,45.0,mothbeans
16.94,47.44,19.28,30.43,54.13,6.36,66.32,mothbeans
54.67,65.35,52.21,40.34,95.77,6.79,125.83,papaya
21.28,19.5,30.58,27.54,94.57,5.57,210.59,coconut
87.52,52.54,35.45,26.41,78.09,6.63,290.96,rice
88.09,53.74,21.52,25.07,69.88,6.61,92.58,maize
102.32,17.34,53.68,25.63,82.27,6.32,40.9,watermelon
20.47,130.24,205.0,20.31,81.01,6.29,68.4,grapes
105.29,16.96,25.96,21.56,59.6,6.87,163.2,coffee
24.08,19.23,36.57,23.72,91.76,6.09,109.79,pomegranate
15.5,26.19,47.93,22.31,90.07,6.71,114.07,pomegranate
38.52,60.25,90.85,18.64,17.05,7.52,80.45,chickpea
92.31,56.53,19.36,26.13,65.79,6.1,77.44,maize
17.55,27.52,30.96,28.73,52.73,5.83,84.41,mango
11.62,23.13,32.85,23.6,89.18,6.61,99.51,pomegranate
20.28,40.91,19.87,25.97,82.14,6.9,52.02,mungbean
122.48,47.89,20.73,24.39,79.64,7.5,69.9,cotton
17.95,51.49,19.98,26.19,85.99,7.36,51.36,mungbean
82.58,48.53,21.62,20.1,65.88,5.78,83.47,maize
22.55,65.2,21.81,19.01,21.19,5.71,90.87,kidneybeans
20.96,60.28,17.85,24.49,53.97,4.75,172.57,pigeonpeas
84.0,43.45,42.58,23.82,86.01,6.8,165.5,jute
108.42,26.09,29.5,23.93,56.71,6.88,149.07,coffee
113.48,44.71,19.72,21.84,77.5,6.19,73.02,cotton
83.79,44.87,40.59,24.02,79.64,6.35,162.94,jute
124.99,41.04,17.79,20.14,78.92,6.46,81.03,cotton
24.47,39.76,21.05,24.24,53.43,7.94,43.62,mothbeans
85.15,16.36,48.99,27.5,86.4,6.55,54.98,watermelon
96.46,79.3,47.49,29.24,81.78,6.08,111.07,banana
28.65,71.72,24.2,24.34,39.91,5.73,159.56,pigeonpeas
80.46,54.99,11.31,27.62,64.64,6.53,72.32,maize
20.26,120.95,203.19,29.03,83.56,6.06,71.24,grapes
21.86,29.47,31.15,35.27,51.03,5.65,89.21,mango
80.6,64.24,39.04,24.2,82.2,5.93,264.77,rice
20.44,132.75,195.19,19.76,91.98,6.0,120.4,apple
92.19,64.06,50.82,26.24,78.0,5.85,118.56,banana
118.2,30.95,27.71,27.1,57.09,6.57,119.51,coffee
19.78,49.1,17.99,30.54,47.32,7.09,60.66,mothbeans
27.54,145.0,200.98,20.24,91.69,6.02,113.22,apple
19.17,50.24,21.96,27.24,85.7,6.09,57.05,mungbean
133.07,45.82,19.79,24.51,89.36,7.44,86.01,cotton
14.62,15.03,31.54,26.12,95.33,6.07,172.33,coconut
101.39,78.88,52.06,26.42,78.57,5.84,115.42,banana
118.93,48.0,13.66,23.65,81.49,6.83,75.33,cotton
26.45,134.45,205.0,21.81,91.43,6.14,101.34,apple
19.94,10.95,42.04,23.9,89.9,6.92,112.66,pomegranate
90.9,29.29,31.68,26.63,58.67,6.73,166.23,coffee
31.72,61.99,84.31,20.33,17.83,7.59,84.23,chickpea
13.83,14.69,5.0,21.03,92.04,7.23,108.62,orange
40.09,80.8,22.27,33.19,66.66,7.45,63.46,blackgram
106.85,47.06,17.16,25.38,80.22,6.45,81.05,cotton
39.79,54.08,85.82,17.8,15.18,7.38,89.29,chickpea
69.29,50.38,38.88,25.03,83.72,6.37,215.03,rice
91.75,52.43,41.92,25.13,80.72,7.06,193.15,jute
70.69,67.9,46.81,33.77,94.01,6.86,151.45,papaya
18.72,69.92,19.0,27.47,44.92,5.04,155.93,pigeonpeas
104.96,31.13,31.38,26.31,69.7,6.78,174.95,coffee
101.99,13.8,52.58,24.86,84.23,6.57,51.32,watermelon
35.2,63.14,75.23,19.08,20.05,7.43,78.08,chickpea
87.75,40.51,39.7,17.12,79.23,6.3,205.01,rice
20.36,19.5,10.87,21.11,87.55,6.91,117.7,orange
43.93,74.3,19.16,28.7,58.86,7.35,70.34,blackgram
118.67,74.57,54.97,27.93,74.97,6.19,103.66,banana
101.33,22.03,43.94,24.88,87.67,6.6,51.7,watermelon
25.08,56.77,24.51,26.87,46.83,5.49,143.74,pigeonpeas
111.08,45.15,20.0,24.55,79.76,6.67,64.69,cotton
68.8,48.52,36.52,23.68,76.31,6.68,188.96,jute
115.42,32.69,27.17,25.16,59.04,6.83,174.59,coffee
18.8,51.84,14.16,29.49,83.09,6.79,46.91,mungbean
84.51,79.24,50.18,24.65,84.57,6.04,107.65,banana
23.62,52.37,21.44,27.81,87.77,6.28,54.72,mungbean
76.92,57.06,44.55,24.67,82.1,6.58,175.31,jute
21.58,134.2,205.0,22.46,79.7,5.57,71.52,grapes
19.91,30.48,33.32,32.24,46.83,5.03,84.16,mango
87.72,19.61,59.39,29.87,95.13,6.44,27.6,muskmelon
18.27,130.11,204.26,24.2,92.12,6.11,105.16,apple
136.44,46.44,17.6,24.55,81.05,6.93,81.83,cotton
95.99,20.07,53.13,27.25,82.23,6.4,54.59,watermelon
106.03,31.23,31.32,25.68,61.69,6.07,160.1,coffee
18.05,67.27,18.76,26.93,66.48,6.99,39.35,lentil
18.25,15.57,6.68,25.38,86.67,8.09,121.01,orange
88.06,56.31,21.92,19.54,71.73,5.86,88.43,maize
45.62,54.11,48.03,41.32,91.7,6.88,135.08,papaya
17.85,20.67,42.28,19.64,92.59,6.74,100.72,pomegranate
61.65,51.24,51.93,38.88,94.02,6.87,154.35,papaya
16.49,27.76,32.49,33.2,45.22,6.56,90.85,mango
19.61,67.87,16.47,24.39,59.87,7.46,38.92,lentil
57.69,61.88,45.33,33.21,96.54,6.72,136.05,papaya
108.39,53.45,20.33,25.0,77.1,5.72,76.22,cotton
22.62,64.61,19.26,24.46,67.53,7.14,44.6,lentil
122.67,38.6,23.1,18.82,82.3,7.27,76.94,cotton
18.78,12.44,37.54,19.99,92.12,6.44,99.79,pomegranate
26.18,16.86,27.5,26.25,93.76,5.46,157.64,coconut
73.38,40.16,16.12,25.3,63.33,6.3,84.24,maize
77.6,44.38,43.55,24.49,81.22,6.86,209.17,rice
65.76,48.76,45.34,24.96,80.34,7.05,151.63,jute
25.97,53.75,20.15,28.66,58.57,6.93,58.43,mothbeans
15.39,31.68,32.42,33.64,50.23,5.23,100.57,mango
27.61,136.82,203.1,22.67,80.26,6.38,67.61,grapes
124.62,53.26,15.75,23.94,76.6,6.88,78.59,cotton
9.55,20.06,28.62,25.4,96.68,5.99,197.59,coconut
59.9,38.56,22.23,22.83,64.46,6.21,88.97,maize
101.53,19.03,51.84,27.7,90.05,6.9,23.25,muskmelon
102.31,11.39,47.41,27.57,91.21,6.51,24.38,muskmelon
27.39,16.36,11.25,26.91,90.92,7.44,112.43,orange
26.76,53.32,19.81,28.69,51.73,7.61,49.6,mothbeans
23.83,50.39,22.36,28.99,83.9,6.95,40.25,mungbean
118.47,57.1,23.64,25.54,82.19,7.18,89.67,cotton
21.64,13.22,9.29,18.22,91.81,6.88,112.59,orange
17.58,26.51,32.14,34.39,52.2,5.84,103.69,mango
84.98,57.16,44.8,27.91,80.0,6.75,240.78,rice
88.73,51.81,18.89,24.33,53.81,6.54,63.92,maize
24.93,67.36,15.78,27.57,58.32,6.42,148.26,pigeonpeas
21.9,32.54,27.91,34.05,48.35,6.11,85.95,mango
40.13,69.47,88.51,19.26,22.0,7.53,66.01,chickpea
88.57,26.76,28.91,28.3,62.6,7.14,172.86,coffee
26.11,13.8,7.14,22.59,91.5,6.66,109.94,orange
15.1,23.78,26.38,28.99,40.22,6.02,107.03,mango
23.52,130.29,194.21,18.35,80.61,6.27,74.62,grapes
71.61,44.84,41.66,25.55,80.86,6.33,208.54,rice
89.67,70.74,49.12,27.21,80.71,5.91,109.67,banana
71.4,39.65,39.07,24.1,81.69,6.68,184.22,jute
95.06,81.92,45.46,28.94,75.02,6.16,101.99,banana
14.93,55.44,18.83,28.1,47.52,5.59,130.59,pigeonpeas
16.12,17.39,12.71,21.3,93.26,6.59,127.62,orange
50.17,62.02,80.97,17.79,14.16,7.06,79.8,chickpea
108.32,14.98,51.55,23.72,86.42,7.09,45.83,watermelon
18.43,60.43,18.19,24.71,68.44,6.83,39.65,lentil
65.7,53.98,37.45,24.39,84.68,6.36,163.9,jute
19.37,74.1,15.65,20.67,71.12,6.66,51.38,lentil
21.74,124.04,204.72,22.44,92.07,6.17,115.04,apple
111.56,32.11,28.95,27.93,62.55,6.86,162.43,coffee
16.78,48.96,23.49,27.61,91.79,6.54,48.59,mungbean
21.09,71.36,21.02,20.88,18.28,5.91,123.44,kidneybeans
79.87,38.62,41.05,21.93,82.03,6.92,195.19,jute
53.76,54.42,50.47,32.46,94.18,6.67,141.42,papaya
36.33,69.89,74.28,19.06,16.73,7.22,79.07,chickpea
21.46,15.85,9.96,20.66,91.11,7.17,100.8,orange
89.49,20.99,43.5,24.63,90.23,6.37,44.23,watermelon
97.54,19.0,50.96,28.18,91.42,6.18,27.66,muskmelon
70.74,50.77,21.48,23.05,63.0,6.0,84.49,maize
117.18,42.08,22.89,19.63,78.21,7.23,78.05,cotton
26.2,75.13,21.6,28.6,58.67,5.8,125.86,pigeonpeas
118.08,52.36,15.98,26.84,82.51,6.87,79.21,cotton
22.28,18.37,35.13,28.24,95.6,6.07,167.0,coconut
14.93,49.01,17.36,29.33,85.4,6.22,50.92,mungbean
19.15,69.63,17.25,23.03,65.72,6.45,47.45,lentil
89.26,27.42,25.6,30.58,52.28,6.8,178.68,coffee
17.38,50.96,23.89,25.99,51.37,6.71,40.03,mothbeans
91.61,37.12,45.87,24.52,75.58,6.63,163.96,jute
110.76,44.3,12.94,25.6,82.26,6.9,68.18,cotton
22.79,23.53,39.93,21.08,93.17,6.04,110.13,pomegranate
24.9,69.15,16.12,26.37,44.46,5.76,158.02,pigeonpeas
21.4,21.34,31.63,24.96,91.26,5.98,153.87,coconut
43.52,65.04,45.38,29.82,93.23,7.02,135.55,papaya
88.06,50.16,31.95,25.32,76.89,7.03,153.12,jute
30.49,36.03,30.24,21.61,54.53,5.58,89.89,mango
76.76,63.0,25.18,23.49,65.35,6.24,92.16,maize
76.88,43.4,42.96,24.83,74.98,6.12,157.87,jute
117.24,41.4,15.14,20.13,79.41,6.73,74.99,cotton
102.09,20.45,43.9,26.09,86.94,5.88,54.79,watermelon
29.86,73.4,21.45,28.62,50.46,4.84,143.92,pigeonpeas
101.35,19.78,32.1,24.5,50.27,6.56,147.84,coffee
16.19,16.6,38.94,22.34,91.89,6.38,107.6,pomegranate
108.2,25.68,31.41,26.0,58.67,6.65,146.62,coffee
18.34,47.64,18.97,30.22,76.99,6.7,47.77,mungbean
42.05,50.39,49.65,32.88,91.67,6.68,120.54,papaya
107.97,21.57,38.99,26.12,80.92,6.65,51.44,watermelon
35.04,56.02,23.18,27.27,52.73,6.02,134.84,pigeonpeas
100.2,21.3,43.24,24.64,83.54,6.39,54.5,watermelon
75.25,42.71,21.61,20.15,65.31,6.2,97.83,maize
20.51,25.54,34.51,34.73,52.95,5.67,106.61,mango
25.43,118.72,196.4,25.03,82.93,6.36,69.02,grapes
16.72,55.85,19.62,27.17,88.49,6.61,52.96,mungbean
86.25,48.42,18.06,24.15,66.77,6.47,92.42,maize
35.57,56.11,25.27,32.41,61.98,7.18,70.3,blackgram
18.74,122.56,204.76,22.82,90.65,5.78,124.45,apple
114.95,43.36,14.39,24.51,80.25,6.29,84.03,cotton
15.58,16.69,34.91,22.62,91.77,6.0,104.77,pomegranate
95.26,52.75,18.54,27.79,62.78,6.42,88.39,maize
21.34,9.26,9.89,17.76,89.78,6.93,119.43,orange
17.58,55.9,25.26,24.35,61.8,7.07,51.54,lentil
21.1,19.94,29.56,30.92,95.07,6.32,190.19,coconut
36.08,62.23,86.87,15.7,23.08,7.72,81.89,chickpea
34.8,61.74,78.48,16.88,15.16,7.11,87.1,chickpea
40.37,61.01,18.63,26.91,70.55,7.01,64.87,blackgram
21.62,86.55,21.05,25.19,47.53,4.91,147.89,pigeonpeas
91.21,44.0,17.5,23.58,62.99,6.39,87.24,maize
24.86,118.46,202.27,21.14,80.34,5.67,72.53,grapes
36.14,74.42,80.29,19.3,19.86,7.5,84.41,chickpea
85.4,18.14,54.75,28.38,89.29,6.57,29.76,muskmelon
16.62,88.49,16.42,22.2,62.54,7.0,43.35,lentil
44.43,71.92,75.32,20.53,15.73,7.62,83.04,chickpea
104.89,20.45,48.86,27.81,90.14,6.47,21.58,muskmelon
52.09,52.84,51.48,32.36,93.37,6.69,144.09,papaya
13.95,15.6,5.55,23.81,93.1,7.67,109.14,orange
40.47,70.3,19.8,27.84,65.28,6.78,68.29,blackgram
41.49,66.74,39.79,32.29,86.51,6.53,132.78,papaya
101.38,39.49,30.83,26.66,60.65,6.72,181.39,coffee
23.47,24.73,27.62,26.02,50.74,5.77,101.52,mango
16.46,23.32,13.61,27.28,91.54,7.97,113.08,orange
105.56,18.43,45.33,28.13,91.56,6.04,21.76,muskmelon
23.03,71.79,16.95,19.61,21.5,5.67,110.91,kidneybeans
24.24,130.59,205.0,19.35,80.02,6.46,70.12,grapes
40.73,56.78,53.01,40.09,93.33,6.93,137.69,papaya
19.76,71.4,16.4,28.56,72.77,7.06,53.65,lentil
22.37,142.69,204.4,21.07,90.13,5.69,119.53,apple
18.01,52.59,19.9,29.09,82.63,6.52,45.65,mungbean
87.67,43.71,42.71,22.67,80.9,6.5,188.37,rice
17.04,56.96,20.58,29.45,83.03,6.33,44.98,mungbean
10.54,12.7,14.88,24.63,96.03,7.33,105.31,orange
29.93,138.69,199.96,24.45,82.64,6.12,62.3,grapes
73.74,43.17,44.71,24.08,80.57,6.75,158.74,jute
22.17,129.4,205.0,22.29,90.72,5.97,126.44,apple
26.06,16.21,30.79,29.12,96.38,6.24,155.01,coconut
18.75,21.64,34.06,36.45,50.06,6.66,95.25,mango
95.9,25.94,24.51,26.53,52.41,6.57,168.69,coffee
17.04,14.89,11.68,23.35,93.42,6.91,108.11,orange
119.12,52.85,16.79,21.51,75.93,6.43,85.16,cotton
21.54,45.95,24.07,29.46,90.35,6.28,48.19,mungbean
22.36,37.16,16.96,32.63,84.58,6.92,44.5,mungbean
29.14,125.97,194.23,25.29,83.49,6.12,61.54,grapes
19.01,64.99,18.06,21.59,21.15,5.57,125.72,kidneybeans
21.98,45.48,19.24,29.65,82.38,7.28,37.47,mungbean
106.49,23.66,50.59,28.34,91.78,6.42,22.22,muskmelon
91.7,19.78,60.39,29.2,88.32,6.33,25.07,muskmelon
41.85,62.91,18.49,28.02,69.58,7.01,76.52,blackgram
27.29,125.19,201.54,23.65,83.46,5.93,68.37,grapes
51.11,48.15,51.82,36.4,92.35,7.17,128.94,papaya
15.34,18.29,36.56,23.19,89.16,6.01,110.15,pomegranate
101.89,15.83,48.48,23.55,84.46,6.36,48.22,watermelon
109.64,19.21,59.32,27.38,93.95,6.14,25.17,muskmelon
91.72,16.55,52.32,31.06,93.51,6.49,26.29,muskmelon
95.33,14.84,51.55,27.19,90.31,6.63,30.4,muskmelon
83.95,51.96,41.42,23.65,78.97,6.98,154.05,jute
27.16,138.91,196.37,22.65,90.51,5.85,108.82,apple
19.44,20.33,5.0,24.33,93.64,7.46,110.05,orange
100.61,20.13,52.54,25.08,80.97,6.58,43.34,watermelon
114.31,24.13,31.4,23.25,59.28,7.02,154.24,coffee
103.87,27.66,25.21,24.66,54.31,6.6,158.7,coffee
21.7,17.58,12.52,28.39,92.45,7.44,108.04,orange
97.43,72.47,57.77,26.26,82.39,6.32,100.16,banana
44.14,75.11,21.27,30.45,61.11,7.1,64.6,blackgram
21.69,107.2,197.65,23.75,91.52,5.76,105.41,apple
32.1,15.69,29.55,26.25,93.54,6.68,192.63,coconut
48.72,60.54,44.52,39.28,92.48,6.76,131.06,papaya
26.97,30.43,21.17,28.69,53.51,5.86,88.56,mango
105.0,100.31,42.95,28.57,77.67,5.99,102.62,banana
19.25,46.04,16.87,25.86,55.52,6.47,53.73,mothbeans
21.69,6.7,10.6,17.83,93.49,7.59,104.02,orange
54.41,60.46,49.69,38.23,93.31,6.53,128.98,papaya
120.24,50.38,16.28,24.37,83.75,7.13,80.86,cotton
81.06,45.22,47.52,18.3,85.57,6.9,184.37,rice
61.55,85.16,50.14,24.88,81.33,6.14,109.32,banana
26.15,44.42,12.83,27.38,57.77,7.12,54.63,mothbeans
23.67,83.41,18.33,24.77,63.13,6.9,53.36,lentil
118.42,19.44,40.14,30.06,94.48,6.33,26.85,muskmelon
13.36,15.15,39.22,25.95,97.1,5.82,184.86,coconut
110.69,82.63,50.73,26.15,75.25,6.07,111.84,banana
41.09,56.63,82.0,17.92,15.74,7.53,90.01,chickpea
9.88,65.42,20.72,17.8,22.57,5.66,132.23,kidneybeans
21.78,68.65,18.91,22.32,65.09,7.2,39.98,lentil
21.92,73.62,18.05,17.69,18.99,5.6,100.62,kidneybeans
94.59,29.0,28.02,24.19,57.27,6.59,170.41,coffee
105.6,81.17,57.1,25.18,80.82,6.02,111.11,banana
91.71,16.29,56.09,28.27,88.56,6.39,24.46,muskmelon
21.07,23.15,41.53,16.81,88.85,6.76,102.65,pomegranate
20.31,140.43,196.93,21.97,89.68,5.97,114.98,apple
27.53,16.18,32.4,27.11,94.87,5.86,172.43,coconut
15.56,70.57,17.18,26.66,65.41,7.02,41.79,lentil
58.13,51.47,52.85,26.88,92.32,6.92,131.57,papaya
22.17,50.85,17.61,29.05,59.6,5.47,55.22,mothbeans
33.35,74.33,23.4,28.64,63.99,6.79,66.58,blackgram
19.47,22.11,27.17,25.39,97.86,6.36,183.48,coconut
33.72,71.29,85.93,19.98,18.79,7.0,68.73,chickpea
72.18,56.01,45.09,25.82,86.0,7.37,172.17,jute
52.13,49.15,53.04,29.81,95.62,6.69,117.67,papaya
18.52,57.66,20.05,21.9,19.33,6.0,113.56,kidneybeans
20.12,69.2,24.73,30.16,53.31,5.57,131.72,pigeonpeas
19.0,14.75,9.64,20.66,91.48,7.81,104.11,orange
21.37,78.38,22.56,20.93,22.76,5.71,114.27,kidneybeans
16.55,145.0,205.0,21.27,93.65,5.55,122.53,apple
12.45,26.71,27.27,32.71,44.54,5.94,90.92,mango
93.21,15.24,54.73,30.07,94.2,6.5,24.98,muskmelon
69.22,55.32,40.65,24.42,83.51,6.36,171.42,jute
15.69,27.56,33.49,33.51,50.32,5.66,100.39,mango
95.59,15.87,47.96,25.01,76.96,6.62,46.57,watermelon
74.86,39.59,39.69,25.51,79.34,6.6,222.94,rice
80.32,59.59,40.89,23.84,78.61,6.36,193.64,jute
17.51,34.07,29.43,30.98,42.44,5.72,99.72,mango
24.18,59.71,19.67,25.69,45.77,5.59,139.95,pigeonpeas
24.12,62.9,22.56,17.92,23.83,5.73,114.2,kidneybeans
42.57,55.59,17.52,29.24,71.8,7.02,54.59,blackgram
37.88,58.87,22.06,33.28,71.78,7.47,66.61,blackgram
101.26,78.48,47.88,25.79,79.11,5.36,98.71,banana
19.05,65.4,14.97,25.14,72.37,6.55,41.83,lentil
21.63,60.29,15.94,17.06,24.38,5.57,128.91,kidneybeans
115.97,74.41,54.25,26.75,85.66,5.89,97.88,banana
26.41,121.69,198.5,20.79,82.22,5.89,70.31,grapes
27.35,59.32,22.68,29.93,59.08,5.6,163.75,pigeonpeas
10.46,74.82,20.3,22.57,72.39,6.93,40.52,lentil
20.95,16.49,39.89,21.68,92.17,6.08,107.19,pomegranate
121.29,50.2,21.62,22.23,80.38,7.48,78.74,cotton
49.01,64.42,78.75,20.89,17.91,7.48,97.42,chickpea
69.46,47.55,20.99,23.2,66.89,6.68,90.24,maize
20.8,140.81,196.18,21.34,90.95,5.73,118.41,apple
32.37,68.98,22.39,29.15,70.5,7.49,77.78,blackgram
28.51,144.87,203.79,22.71,92.35,6.13,109.96,apple
14.23,31.65,29.79,31.41,49.23,6.11,99.4,mango
68.38,92.93,47.05,28.43,82.62,5.74,109.88,banana
23.88,123.74,200.83,23.44,91.9,6.01,105.76,apple
135.46,51.65,22.87,22.7,82.21,7.69,74.89,cotton
73.38,52.97,36.04,23.37,83.81,6.75,206.19,rice
43.94,74.25,19.14,28.36,58.0,6.89,64.1,blackgram
109.18,21.9,53.22,28.34,92.58,6.1,24.3,muskmelon
86.63,20.47,55.28,24.11,89.27,6.46,52.89,watermelon
98.29,32.92,28.9,23.77,60.36,6.47,167.74,coffee
93.66,19.35,47.92,27.29,84.82,6.7,54.53,watermelon
81.02,45.64,45.01,22.82,77.51,6.44,170.62,jute
41.21,69.27,78.71,19.78,15.85,7.65,69.33,chickpea
70.32,42.22,44.08,22.42,76.93,7.13,178.46,jute
22.12,40.76,16.94,27.05,85.83,6.51,51.36,mungbean
14.78,131.64,205.0,23.38,82.66,6.41,67.98,grapes
86.13,40.46,37.08,26.03,76.59,6.38,157.12,jute
23.38,59.75,23.44,30.22,81.34,6.93,48.08,mungbean
27.69,145.0,202.51,19.47,91.18,6.08,109.75,apple
16.37,140.96,200.41,18.5,81.15,6.14,68.27,grapes
25.53,21.22,33.33,28.25,96.94,5.68,148.66,coconut
20.3,50.33,23.75,25.53,51.45,6.34,54.23,mothbeans
81.87,48.45,14.07,20.05,64.62,5.84,92.0,maize
20.72,20.05,31.03,29.82,97.19,5.86,143.39,coconut
16.41,12.82,40.15,21.45,89.01,6.53,103.0,pomegranate
71.26,48.77,39.0,22.97,75.85,6.42,191.09,jute
91.38,70.81,41.39,27.35,78.71,5.57,114.11,banana
26.31,83.94,20.59,25.44,38.81,5.93,171.58,pigeonpeas
45.75,80.15,20.72,27.79,64.07,7.19,80.21,blackgram
66.8,50.65,41.48,24.1,83.34,6.13,242.01,rice
28.32,72.85,25.35,23.56,44.95,5.43,163.93,pigeonpeas
16.93,19.58,29.73,36.73,53.02,6.68,99.99,mango
19.37,16.74,36.5,18.29,88.36,6.54,103.28,pomegranate
21.67,140.89,195.81,22.0,83.38,6.0,71.94,grapes
11.53,137.9,199.35,24.3,90.96,5.84,120.56,apple
50.11,73.4,19.27,32.6,59.05,6.7,54.73,blackgram
16.84,10.2,8.48,27.99,89.22,7.0,110.74,orange
73.92,49.53,20.75,26.34,64.82,6.28,92.09,maize
118.35,29.03,28.91,26.86,58.27,7.36,158.03,coffee
101.73,19.43,53.94,29.55,91.96,6.37,31.75,muskmelon
18.72,80.07,20.69,21.1,23.26,5.78,118.48,kidneybeans
18.29,127.01,201.92,26.2,84.7,6.47,69.33,grapes
16.18,75.91,22.0,32.55,42.83,5.61,154.13,pigeonpeas
91.53,27.58,29.12,27.66,61.68,6.88,158.05,coffee
17.97,16.14,9.51,23.17,94.77,6.95,102.36,orange
107.9,73.76,48.06,27.39,80.28,6.22,88.48,banana
21.78,29.46,29.36,32.56,49.02,5.8,93.05,mango
15.79,141.71,199.49,23.91,82.9,5.76,71.43,grapes
19.8,70.79,26.88,23.81,63.53,6.95,51.06,lentil
